gene_id	gene_name	gene_type	length	expected_count	TPM
ENSG00000008735	MAPK8IP2	protein_coding	3545.73	0.00	0.00
ENSG00000015475	BID	protein_coding	1283.57	10.00	1128.17
ENSG00000025708	TYMP	protein_coding	1667.23	0.00	0.00
ENSG00000025770	NCAPH2	protein_coding	1728.55	10.00	799.96
ENSG00000040608	RTN4R	protein_coding	1944.00	0.00	0.00
ENSG00000054611	TBC1D22A	protein_coding	1949.00	2.00	139.84
ENSG00000056487	PHF21B	protein_coding	2875.40	0.00	0.00
ENSG00000063515	GSC2	protein_coding	2625.00	0.00	0.00
ENSG00000069998	HDHD5	protein_coding	1598.00	4.00	349.84
ENSG00000070010	UFD1	protein_coding	1026.62	6.00	887.06
ENSG00000070371	CLTCL1	protein_coding	5041.33	0.00	0.00
ENSG00000070413	DGCR2	protein_coding	4062.00	4.00	126.70
ENSG00000073146	MOV10L1	protein_coding	2956.80	0.00	0.00
ENSG00000073150	PANX2	protein_coding	3008.00	0.00	0.00
ENSG00000073169	SELENOO	protein_coding	2283.00	0.00	0.00
ENSG00000075218	GTSE1	protein_coding	2727.00	7.00	338.81
ENSG00000075234	TTC38	protein_coding	3482.25	2.00	74.53
ENSG00000075240	GRAMD4	protein_coding	4058.50	0.00	0.00
ENSG00000075275	CELSR1	protein_coding	9240.33	0.00	0.00
ENSG00000077935	SMC1B	protein_coding	3912.25	0.00	0.00
ENSG00000077942	FBLN1	protein_coding	2792.84	0.00	0.00
ENSG00000079974	RABL2B	protein_coding	1889.47	2.00	144.76
ENSG00000093000	NUP50	protein_coding	4914.79	19.00	492.98
ENSG00000093009	CDC45	protein_coding	1932.02	5.00	353.02
ENSG00000093010	COMT	protein_coding	1260.00	8.00	922.58
ENSG00000093072	ADA2	protein_coding	3812.50	0.00	0.00
ENSG00000093100	ENSG00000093100	lncRNA	4328.00	0.00	0.00
ENSG00000099889	ARVCF	protein_coding	3368.83	0.00	0.00
ENSG00000099899	TRMT2A	protein_coding	1987.00	1.00	68.43
ENSG00000099901	RANBP1	protein_coding	1054.00	37.00	5294.99
ENSG00000099904	ZDHHC8	protein_coding	3425.18	0.00	0.00
ENSG00000099910	KLHL22	protein_coding	2303.00	2.00	116.31
ENSG00000099917	MED15	protein_coding	2235.00	2.00	120.19
ENSG00000099937	SERPIND1	protein_coding	2072.25	0.00	0.00
ENSG00000099940	SNAP29	protein_coding	2050.22	9.00	594.86
ENSG00000099942	CRKL	protein_coding	5342.00	5.00	118.96
ENSG00000099949	LZTR1	protein_coding	3982.00	4.00	129.38
ENSG00000099953	MMP11	protein_coding	2188.83	0.00	0.00
ENSG00000099954	CECR2	protein_coding	9869.60	0.00	0.00
ENSG00000099956	SMARCB1	protein_coding	1730.00	14.00	1118.88
ENSG00000099957	P2RX6	protein_coding	2502.27	0.00	0.00
ENSG00000099958	DERL3	protein_coding	862.00	2.00	369.10
ENSG00000099960	SLC7A4	protein_coding	2426.00	0.00	0.00
ENSG00000099968	BCL2L13	protein_coding	3034.00	3.00	129.48
ENSG00000099974	DDTL	protein_coding	1586.00	0.00	0.00
ENSG00000099977	DDT	protein_coding	565.00	4.00	1337.24
ENSG00000099984	GSTT2	protein_coding	1060.50	0.00	0.00
ENSG00000099985	OSM	protein_coding	1865.00	2.00	146.89
ENSG00000099991	CABIN1	protein_coding	4644.64	2.00	55.05
ENSG00000099992	TBC1D10A	protein_coding	1650.00	1.00	84.33
ENSG00000099994	SUSD2	protein_coding	3069.62	0.00	0.00
ENSG00000099995	SF3A1	protein_coding	3686.46	18.00	631.53
ENSG00000099998	GGT5	protein_coding	2331.51	0.00	0.00
ENSG00000099999	RNF215	protein_coding	1664.40	0.00	0.00
ENSG00000100003	SEC14L2	protein_coding	2450.25	0.00	0.00
ENSG00000100012	SEC14L3	protein_coding	2050.50	0.00	0.00
ENSG00000100014	SPECC1L	protein_coding	6032.00	3.00	62.93
ENSG00000100023	PPIL2	protein_coding	2971.51	8.00	353.06
ENSG00000100024	UPB1	protein_coding	1976.47	0.00	0.00
ENSG00000100027	YPEL1	protein_coding	1742.67	0.00	0.00
ENSG00000100028	SNRPD3	protein_coding	672.00	7.00	1810.78
ENSG00000100029	PES1	protein_coding	2240.00	10.00	599.50
ENSG00000100030	MAPK1	protein_coding	1833.00	2.00	149.76
ENSG00000100031	GGT1	protein_coding	2394.26	0.00	0.00
ENSG00000100033	PRODH	protein_coding	2078.00	0.00	0.00
ENSG00000100034	PPM1F	protein_coding	3356.52	2.00	77.50
ENSG00000100036	SLC35E4	protein_coding	2333.00	0.00	0.00
ENSG00000100038	TOP3B	protein_coding	2656.00	4.00	199.20
ENSG00000100053	CRYBB3	protein_coding	728.00	0.00	0.00
ENSG00000100055	CYTH4	protein_coding	1850.25	0.00	0.00
ENSG00000100056	ESS2	protein_coding	1481.00	1.00	95.44
ENSG00000100058	CRYBB2P1	transcribed_unprocessed_pseudogene	538.00	2.00	721.87
ENSG00000100060	MFNG	protein_coding	2073.00	17.00	1109.96
ENSG00000100065	CARD10	protein_coding	3910.67	0.00	0.00
ENSG00000100068	LRP5L	transcribed_unprocessed_pseudogene	1676.00	0.00	0.00
ENSG00000100075	SLC25A1	protein_coding	1431.00	1.00	99.32
ENSG00000100077	GRK3	protein_coding	2214.00	1.00	60.72
ENSG00000100078	PLA2G3	protein_coding	2399.86	0.00	0.00
ENSG00000100079	LGALS2	protein_coding	596.00	1.00	308.20
ENSG00000100083	GGA1	protein_coding	2836.73	7.00	324.71
ENSG00000100084	HIRA	protein_coding	3395.01	1.00	38.28
ENSG00000100092	SH3BP1	protein_coding	2642.00	0.00	0.00
ENSG00000100095	SEZ6L	protein_coding	4291.92	0.00	0.00
ENSG00000100097	LGALS1	protein_coding	528.00	14.00	5206.69
ENSG00000100099	HPS4	protein_coding	2672.00	3.00	148.43
ENSG00000100100	PIK3IP1	protein_coding	1989.75	0.00	0.00
ENSG00000100101	ENSG00000100101	protein_coding	4904.00	0.00	0.00
ENSG00000100104	SRRD	protein_coding	1325.00	3.00	326.00
ENSG00000100105	PATZ1	protein_coding	3467.12	0.00	0.00
ENSG00000100106	TRIOBP	protein_coding	4841.33	0.00	0.00
ENSG00000100109	TFIP11	protein_coding	2774.00	6.00	285.10
ENSG00000100116	GCAT	protein_coding	1242.00	2.00	234.63
ENSG00000100121	GGTLC2	protein_coding	930.00	0.00	0.00
ENSG00000100122	CRYBB1	protein_coding	1079.43	0.00	0.00
ENSG00000100124	ANKRD54	protein_coding	1988.00	1.00	68.39
ENSG00000100129	EIF3L	protein_coding	2091.00	18.90	1222.46
ENSG00000100138	SNU13	protein_coding	977.72	21.00	3299.67
ENSG00000100139	MICALL1	protein_coding	3884.08	1.00	33.20
ENSG00000100142	POLR2F	protein_coding	554.00	2.00	689.34
ENSG00000100146	SOX10	protein_coding	2763.25	0.00	0.00
ENSG00000100147	CCDC134	protein_coding	6804.00	3.00	55.57
ENSG00000100150	DEPDC5	protein_coding	4995.00	1.00	25.51
ENSG00000100151	PICK1	protein_coding	2010.20	0.00	0.00
ENSG00000100154	TTC28	protein_coding	11522.00	0.00	0.00
ENSG00000100156	SLC16A8	protein_coding	1592.29	0.00	0.00
ENSG00000100162	CENPM	protein_coding	888.67	10.00	1774.14
ENSG00000100167	SEPTIN3	protein_coding	3334.00	0.00	0.00
ENSG00000100170	SLC5A1	protein_coding	4167.00	0.00	0.00
ENSG00000100181	TPTEP1	transcribed_unprocessed_pseudogene	213.00	0.00	0.00
ENSG00000100191	SLC5A4	protein_coding	2048.00	0.00	0.00
ENSG00000100196	KDELR3	protein_coding	1546.60	0.00	0.00
ENSG00000100197	CYP2D6	protein_coding	1633.22	0.00	0.00
ENSG00000100201	DDX17	protein_coding	4761.00	4.00	107.28
ENSG00000100206	DMC1	protein_coding	2104.69	0.00	0.00
ENSG00000100207	TCF20	protein_coding	7480.00	1.00	16.81
ENSG00000100209	HSCB	protein_coding	1026.00	1.00	147.95
ENSG00000100211	CBY1	protein_coding	893.00	1.00	176.31
ENSG00000100216	TOMM22	protein_coding	1181.47	17.00	2117.19
ENSG00000100218	RSPH14	protein_coding	853.50	0.00	0.00
ENSG00000100219	XBP1	protein_coding	1744.95	25.00	1978.68
ENSG00000100220	RTCB	protein_coding	1914.00	13.00	927.49
ENSG00000100221	JOSD1	protein_coding	1423.00	1.00	99.97
ENSG00000100225	FBXO7	protein_coding	2060.00	9.00	591.73
ENSG00000100226	GTPBP1	protein_coding	3414.00	1.00	38.06
ENSG00000100227	POLDIP3	protein_coding	3280.00	10.00	397.14
ENSG00000100228	RAB36	protein_coding	3105.80	0.00	0.00
ENSG00000100234	TIMP3	protein_coding	3683.00	0.00	0.00
ENSG00000100239	PPP6R2	protein_coding	3096.00	2.00	84.47
ENSG00000100241	SBF1	protein_coding	6091.00	2.00	41.53
ENSG00000100242	SUN2	protein_coding	3989.37	3.00	96.84
ENSG00000100243	CYB5R3	protein_coding	1936.60	10.91	768.07
ENSG00000100246	DNAL4	protein_coding	1436.91	0.00	0.00
ENSG00000100249	C22orf31	protein_coding	982.00	0.00	0.00
ENSG00000100253	MIOX	protein_coding	1513.50	0.00	0.00
ENSG00000100258	LMF2	protein_coding	2604.00	8.00	407.01
ENSG00000100263	RHBDD3	protein_coding	1624.31	0.00	0.00
ENSG00000100266	PACSIN2	protein_coding	2840.11	9.00	416.95
ENSG00000100271	TTLL1	protein_coding	1473.00	2.00	192.08
ENSG00000100276	RASL10A	protein_coding	1447.75	0.00	0.00
ENSG00000100280	AP1B1	protein_coding	3808.00	14.00	474.65
ENSG00000100281	HMGXB4	protein_coding	4052.00	2.00	63.51
ENSG00000100284	TOM1	protein_coding	2241.00	8.00	479.36
ENSG00000100285	NEFH	protein_coding	3795.00	0.00	0.00
ENSG00000100288	CHKB	protein_coding	1385.00	0.00	0.00
ENSG00000100290	BIK	protein_coding	1011.86	0.00	0.00
ENSG00000100292	HMOX1	protein_coding	1062.00	3.00	425.34
ENSG00000100294	MCAT	protein_coding	1134.00	3.00	392.59
ENSG00000100296	THOC5	protein_coding	2107.00	4.00	256.51
ENSG00000100297	MCM5	protein_coding	2289.59	50.00	2926.38
ENSG00000100298	APOBEC3H	protein_coding	814.17	0.00	0.00
ENSG00000100299	ARSA	protein_coding	1988.00	3.00	205.18
ENSG00000100300	TSPO	protein_coding	955.00	2.00	323.70
ENSG00000100302	RASD2	protein_coding	3544.83	0.00	0.00
ENSG00000100304	TTLL12	protein_coding	3386.00	9.00	345.53
ENSG00000100307	CBX7	protein_coding	3522.73	0.00	0.00
ENSG00000100311	PDGFB	protein_coding	2607.00	0.00	0.00
ENSG00000100312	ACR	protein_coding	1069.00	0.00	0.00
ENSG00000100314	CABP7	protein_coding	3319.50	0.00	0.00
ENSG00000100316	RPL3	protein_coding	1300.58	111.00	12329.24
ENSG00000100319	ZMAT5	protein_coding	780.00	1.00	210.60
ENSG00000100320	RBFOX2	protein_coding	3040.46	0.00	0.00
ENSG00000100321	SYNGR1	protein_coding	1295.00	1.00	111.64
ENSG00000100324	TAB1	protein_coding	3120.10	2.00	83.77
ENSG00000100325	ASCC2	protein_coding	2765.00	9.00	429.16
ENSG00000100330	MTMR3	protein_coding	5811.00	3.00	65.41
ENSG00000100335	MIEF1	protein_coding	5338.84	10.00	238.06
ENSG00000100336	APOL4	protein_coding	2513.00	0.00	0.00
ENSG00000100341	PNPLA5	protein_coding	2819.83	0.00	0.00
ENSG00000100342	APOL1	protein_coding	2865.43	0.00	0.00
ENSG00000100344	PNPLA3	protein_coding	2303.57	0.00	0.00
ENSG00000100345	MYH9	protein_coding	7120.17	72.00	1272.87
ENSG00000100346	CACNA1I	protein_coding	8146.50	0.00	0.00
ENSG00000100347	SAMM50	protein_coding	1500.00	9.00	846.44
ENSG00000100348	TXN2	protein_coding	1101.62	17.00	2304.47
ENSG00000100350	FOXRED2	protein_coding	4463.73	4.00	114.76
ENSG00000100351	GRAP2	protein_coding	2903.67	0.00	0.00
ENSG00000100353	EIF3D	protein_coding	1928.78	16.00	1131.77
ENSG00000100354	TNRC6B	protein_coding	11346.87	4.00	43.90
ENSG00000100359	SGSM3	protein_coding	2664.00	7.00	347.46
ENSG00000100360	IFT27	protein_coding	910.00	1.00	172.09
ENSG00000100362	PVALB	protein_coding	634.71	0.00	0.00
ENSG00000100364	KIAA0930	protein_coding	6338.00	2.00	39.86
ENSG00000100365	NCF4	protein_coding	1378.00	7.00	726.46
ENSG00000100368	CSF2RB	protein_coding	4852.13	2.00	52.59
ENSG00000100372	SLC25A17	protein_coding	2111.70	4.00	255.88
ENSG00000100373	UPK3A	protein_coding	861.00	0.00	0.00
ENSG00000100376	FAM118A	protein_coding	1612.00	1.00	86.59
ENSG00000100379	KCTD17	protein_coding	1477.00	3.00	287.22
ENSG00000100380	ST13	protein_coding	1681.92	13.00	1072.65
ENSG00000100385	IL2RB	protein_coding	3996.00	15.00	483.37
ENSG00000100387	RBX1	protein_coding	536.34	29.00	10518.68
ENSG00000100393	EP300	protein_coding	8779.00	3.00	42.78
ENSG00000100395	L3MBTL2	protein_coding	2942.00	4.00	178.43
ENSG00000100399	CHADL	protein_coding	2038.00	0.00	0.00
ENSG00000100401	RANGAP1	protein_coding	3056.00	10.00	428.27
ENSG00000100403	ZC3H7B	protein_coding	5863.00	5.00	108.01
ENSG00000100410	PHF5A	protein_coding	1029.00	1.00	147.42
ENSG00000100412	ACO2	protein_coding	2665.45	22.00	1091.39
ENSG00000100413	POLR3H	protein_coding	802.00	1.00	202.91
ENSG00000100416	TRMU	protein_coding	1345.00	1.00	106.77
ENSG00000100417	PMM1	protein_coding	1242.75	0.00	0.00
ENSG00000100418	DESI1	protein_coding	3119.40	4.00	167.59
ENSG00000100422	CERK	protein_coding	4313.00	2.00	59.48
ENSG00000100425	BRD1	protein_coding	4285.00	1.00	29.95
ENSG00000100426	ZBED4	protein_coding	5359.00	5.00	118.56
ENSG00000100427	MLC1	protein_coding	3477.07	0.00	0.00
ENSG00000100429	HDAC10	protein_coding	2405.21	0.00	0.00
ENSG00000128159	TUBGCP6	protein_coding	4318.00	4.00	118.82
ENSG00000128165	ADM2	protein_coding	4244.50	0.00	0.00
ENSG00000128185	DGCR6L	protein_coding	913.00	4.00	685.48
ENSG00000128191	DGCR8	protein_coding	3521.00	1.00	36.83
ENSG00000128203	ASPHD2	protein_coding	3178.38	0.00	0.00
ENSG00000128218	VPREB3	protein_coding	535.00	0.00	0.00
ENSG00000128228	SDF2L1	protein_coding	818.00	3.00	593.01
ENSG00000128242	GAL3ST1	protein_coding	1919.76	0.00	0.00
ENSG00000128245	YWHAH	protein_coding	1751.00	2.00	157.68
ENSG00000128250	RFPL1	protein_coding	1496.00	0.00	0.00
ENSG00000128253	RFPL2	protein_coding	1939.33	0.00	0.00
ENSG00000128254	YWHAH-AS1	lncRNA	2208.67	0.00	0.00
ENSG00000128262	POM121L9P	transcribed_unprocessed_pseudogene	1285.00	0.00	0.00
ENSG00000128266	GNAZ	protein_coding	3170.00	1.00	41.18
ENSG00000128268	MGAT3	protein_coding	4953.00	1.00	25.74
ENSG00000128271	ADORA2A	protein_coding	2902.15	0.00	0.00
ENSG00000128272	ATF4	protein_coding	1418.32	10.00	1003.49
ENSG00000128274	A4GALT	protein_coding	2522.94	0.00	0.00
ENSG00000128276	RFPL3	protein_coding	1351.00	0.00	0.00
ENSG00000128283	CDC42EP1	protein_coding	2372.38	0.00	0.00
ENSG00000128284	APOL3	protein_coding	2041.00	4.00	265.71
ENSG00000128285	MCHR1	protein_coding	1667.00	0.00	0.00
ENSG00000128294	TPST2	protein_coding	3549.00	3.31	121.07
ENSG00000128298	BAIAP2L2	protein_coding	2130.80	0.00	0.00
ENSG00000128309	MPST	protein_coding	1114.00	2.00	267.45
ENSG00000128310	GALR3	protein_coding	1280.50	0.00	0.00
ENSG00000128311	TST	protein_coding	1105.00	1.00	135.05
ENSG00000128313	APOL5	protein_coding	1438.00	0.00	0.00
ENSG00000128322	IGLL1	protein_coding	799.50	0.00	0.00
ENSG00000128335	APOL2	protein_coding	2168.00	1.00	62.14
ENSG00000128340	RAC2	protein_coding	1368.44	20.00	2092.58
ENSG00000128342	LIF	protein_coding	2231.50	0.00	0.00
ENSG00000128346	C22orf23	protein_coding	1355.62	0.00	0.00
ENSG00000128383	APOBEC3A	protein_coding	1418.00	0.00	0.00
ENSG00000128394	APOBEC3F	protein_coding	4496.00	2.24	63.69
ENSG00000128408	RIBC2	protein_coding	1490.00	0.00	0.00
ENSG00000130487	KLHDC7B	protein_coding	5125.00	1.00	24.84
ENSG00000130538	OR11H1	protein_coding	948.00	0.00	0.00
ENSG00000130540	SULT4A1	protein_coding	2288.50	0.00	0.00
ENSG00000130638	ATXN10	protein_coding	3294.00	18.98	750.29
ENSG00000130943	PKDREJ	protein_coding	7681.00	0.00	0.00
ENSG00000131100	ATP6V1E1	protein_coding	1205.11	5.00	608.07
ENSG00000133422	MORC2	protein_coding	4351.00	1.00	29.47
ENSG00000133424	LARGE1	protein_coding	4103.80	0.00	0.00
ENSG00000133433	GSTT2B	protein_coding	1070.20	0.00	0.00
ENSG00000133454	MYO18B	protein_coding	8225.00	0.00	0.00
ENSG00000133460	SLC2A11	protein_coding	2317.50	0.00	0.00
ENSG00000133466	C1QTNF6	protein_coding	2250.50	0.00	0.00
ENSG00000133475	GGT2P	transcribed_unprocessed_pseudogene	1879.00	0.00	0.00
ENSG00000133477	FAM83F	protein_coding	8739.00	0.00	0.00
ENSG00000133488	SEC14L4	protein_coding	2204.78	0.00	0.00
ENSG00000133519	ZDHHC8BP	transcribed_unprocessed_pseudogene	1403.00	0.00	0.00
ENSG00000138867	GUCD1	protein_coding	1708.01	9.00	729.76
ENSG00000138892	TTLL8	protein_coding	2651.00	0.00	0.00
ENSG00000138942	RNF185	protein_coding	2946.00	2.51	111.88
ENSG00000138944	SHISAL1	protein_coding	6853.00	0.00	0.00
ENSG00000138964	PARVG	protein_coding	2182.29	2.00	123.39
ENSG00000159307	SCUBE1	protein_coding	4375.14	0.00	0.00
ENSG00000159496	RGL4	protein_coding	2702.00	0.00	0.00
ENSG00000159873	CCDC117	protein_coding	3766.00	4.00	137.21
ENSG00000159958	TNFRSF13C	protein_coding	3923.00	5.00	164.28
ENSG00000161103	POM121L15P	transcribed_processed_pseudogene	1389.00	0.00	0.00
ENSG00000161132	PRODHLP	unprocessed_pseudogene	1240.00	0.00	0.00
ENSG00000161133	USP41P	transcribed_unprocessed_pseudogene	920.00	0.00	0.00
ENSG00000161179	YDJC	protein_coding	1286.93	6.00	674.81
ENSG00000161180	CCDC116	protein_coding	2072.00	0.00	0.00
ENSG00000166862	CACNG2	protein_coding	5642.00	0.00	0.00
ENSG00000166897	ELFN2	protein_coding	5125.67	0.00	0.00
ENSG00000167037	SGSM1	protein_coding	5716.00	0.00	0.00
ENSG00000167065	DUSP18	protein_coding	2334.29	0.00	0.00
ENSG00000167074	TEF	protein_coding	4387.67	0.00	0.00
ENSG00000167077	MEI1	protein_coding	3407.00	0.00	0.00
ENSG00000168135	KCNJ4	protein_coding	2226.33	0.00	0.00
ENSG00000169184	MN1	protein_coding	7814.00	0.00	0.00
ENSG00000169314	C22orf15	protein_coding	836.55	0.00	0.00
ENSG00000169548	ZNF280A	protein_coding	2148.00	0.00	0.00
ENSG00000169575	VPREB1	protein_coding	635.00	0.00	0.00
ENSG00000169635	HIC2	protein_coding	6442.20	0.00	0.00
ENSG00000169662	BCRP6	transcribed_unprocessed_pseudogene	632.00	0.00	0.00
ENSG00000169668	BCRP2	transcribed_unprocessed_pseudogene	634.00	0.00	0.00
ENSG00000170638	TRABD	protein_coding	1643.54	10.00	847.03
ENSG00000172250	SERHL	transcribed_unitary_pseudogene	830.00	0.00	0.00
ENSG00000172346	CSDC2	protein_coding	2537.80	0.00	0.00
ENSG00000172404	DNAJB7	protein_coding	2565.00	1.00	51.71
ENSG00000172912	COX6B1P3	processed_pseudogene	260.00	0.00	0.00
ENSG00000172967	XKR3	protein_coding	1670.00	0.00	0.00
ENSG00000175329	ISX	protein_coding	3240.00	0.00	0.00
ENSG00000176177	ENTHD1	protein_coding	2680.00	0.00	0.00
ENSG00000176635	HORMAD2	protein_coding	1915.50	0.00	0.00
ENSG00000177096	PHETA2	protein_coding	2740.50	0.00	0.00
ENSG00000177663	IL17RA	protein_coding	4963.50	0.00	0.00
ENSG00000177989	CIMAP1B	protein_coding	849.17	0.00	0.00
ENSG00000177993	ZNRF3-AS1	lncRNA	1249.00	0.00	0.00
ENSG00000178026	LRRC75B	protein_coding	1401.25	0.00	0.00
ENSG00000178248	FAM230I	lncRNA	1765.33	0.00	0.00
ENSG00000178803	ADORA2A-AS1	lncRNA	2292.00	0.00	0.00
ENSG00000179750	APOBEC3B	protein_coding	1282.00	3.86	436.16
ENSG00000180150	HMGN2P9	processed_pseudogene	229.00	11.00	41452.17
ENSG00000180957	PITPNB	protein_coding	2826.00	4.00	186.31
ENSG00000181123	ENSG00000181123	lncRNA	924.50	0.00	0.00
ENSG00000182057	OGFRP1	lncRNA	3237.00	0.00	0.00
ENSG00000182257	PRR34	lncRNA	2817.00	0.00	0.00
ENSG00000182351	CRIP1P4	processed_pseudogene	229.00	3.00	11305.14
ENSG00000182541	LIMK2	protein_coding	2657.00	1.00	49.78
ENSG00000182824	FAM230E	lncRNA	873.00	0.00	0.00
ENSG00000182841	RRP7BP	transcribed_unprocessed_pseudogene	833.00	0.00	0.00
ENSG00000182858	ALG12	protein_coding	2025.00	3.00	201.03
ENSG00000182902	SLC25A18	protein_coding	2189.48	0.00	0.00
ENSG00000182944	EWSR1	protein_coding	1971.73	29.00	2001.63
ENSG00000183066	WBP2NL	protein_coding	2311.50	0.00	0.00
ENSG00000183169	POM121L1P	transcribed_unprocessed_pseudogene	1835.00	0.00	0.00
ENSG00000183172	SMDT1	protein_coding	667.00	2.00	522.89
ENSG00000183246	RIMBP3C	protein_coding	5796.00	0.00	0.00
ENSG00000183307	TMEM121B	protein_coding	4512.50	0.00	0.00
ENSG00000183506	PI4KAP2	transcribed_unitary_pseudogene	2080.00	0.00	0.00
ENSG00000183530	PRR14L	protein_coding	10827.00	3.00	34.54
ENSG00000183569	SERHL2	protein_coding	1268.42	0.00	0.00
ENSG00000183579	ZNRF3	protein_coding	6598.00	1.00	19.12
ENSG00000183597	TANGO2	protein_coding	1559.00	2.00	179.94
ENSG00000183628	DGCR6	protein_coding	1756.20	0.00	0.00
ENSG00000183741	CBX6	protein_coding	6052.00	22.00	459.91
ENSG00000183762	KREMEN1	protein_coding	3243.91	0.00	0.00
ENSG00000183765	CHEK2	protein_coding	1738.00	3.00	238.51
ENSG00000183773	AIFM3	protein_coding	2360.16	0.00	0.00
ENSG00000183785	TUBA8	protein_coding	1518.00	1.86	172.57
ENSG00000183822	NCF4-AS1	lncRNA	1124.00	0.00	0.00
ENSG00000183864	TOB2	protein_coding	2910.41	4.00	180.51
ENSG00000183963	SMTN	protein_coding	3234.79	0.00	0.00
ENSG00000184058	TBX1	protein_coding	1783.75	0.00	0.00
ENSG00000184068	SREBF2-AS1	lncRNA	2989.00	0.00	0.00
ENSG00000184076	UQCR10	protein_coding	693.74	18.72	4628.66
ENSG00000184113	CLDN5	protein_coding	2012.25	0.00	0.00
ENSG00000184117	NIPSNAP1	protein_coding	1849.00	8.00	593.25
ENSG00000184164	CRELD2	protein_coding	1365.00	5.00	524.69
ENSG00000184208	C22orf46P	transcribed_unitary_pseudogene	4890.00	3.00	78.25
ENSG00000184319	RPL23AP82	transcribed_unprocessed_pseudogene	469.00	37.00	16767.48
ENSG00000184381	PLA2G6	protein_coding	2991.90	0.00	0.00
ENSG00000184436	THAP7	protein_coding	1144.00	2.00	258.96
ENSG00000184459	BPIFC	protein_coding	1564.00	0.00	0.00
ENSG00000184470	TXNRD2	protein_coding	1893.00	2.00	144.46
ENSG00000184571	PIWIL3	protein_coding	3492.50	0.00	0.00
ENSG00000184624	ZNF72BP	unprocessed_pseudogene	1908.00	0.00	0.00
ENSG00000184702	SEPTIN5	protein_coding	1980.00	0.00	0.00
ENSG00000184708	EIF4ENIF1	protein_coding	3420.00	2.00	75.97
ENSG00000184792	OSBP2	protein_coding	3519.50	0.00	0.00
ENSG00000184949	FAM227A	protein_coding	10087.00	1.00	12.37
ENSG00000184979	USP18	protein_coding	1718.09	12.00	966.56
ENSG00000184983	NDUFA6	protein_coding	664.92	10.00	2626.15
ENSG00000185022	MAFF	protein_coding	2081.62	0.00	0.00
ENSG00000185065	UFD1-AS1	lncRNA	2227.00	0.00	0.00
ENSG00000185133	INPP5J	protein_coding	2098.20	0.00	0.00
ENSG00000185252	ZNF74	protein_coding	3281.29	0.00	0.00
ENSG00000185264	CIMIP4	protein_coding	1064.33	0.00	0.00
ENSG00000185339	TCN2	protein_coding	2072.00	2.00	130.65
ENSG00000185340	GAS2L1	protein_coding	2721.20	0.00	0.00
ENSG00000185386	MAPK11	protein_coding	2382.00	0.00	0.00
ENSG00000185608	MRPL40	protein_coding	740.00	6.00	1357.01
ENSG00000185651	UBE2L3	protein_coding	857.92	25.00	4642.35
ENSG00000185666	SYN3	protein_coding	7867.00	1.00	15.96
ENSG00000185686	PRAME	protein_coding	2042.83	0.00	0.00
ENSG00000185721	DRG1	protein_coding	1195.45	8.00	982.35
ENSG00000185837	HDHD5-AS1	lncRNA	666.00	0.00	0.00
ENSG00000185838	GNB1L	protein_coding	1513.79	3.00	279.19
ENSG00000186575	NF2	protein_coding	2878.00	8.00	365.38
ENSG00000186654	PRR5	protein_coding	1696.67	0.00	0.00
ENSG00000186716	BCR	protein_coding	5138.25	0.00	0.00
ENSG00000186732	MPPED1	protein_coding	3451.75	0.00	0.00
ENSG00000186951	PPARA	protein_coding	3520.90	0.00	0.00
ENSG00000186976	EFCAB6	protein_coding	4047.60	0.00	0.00
ENSG00000186998	EMID1	protein_coding	2100.21	0.00	0.00
ENSG00000187012	LINC00207	lncRNA	728.25	0.00	0.00
ENSG00000187045	TMPRSS6	protein_coding	3099.80	0.00	0.00
ENSG00000187051	RPS19BP1	protein_coding	820.00	8.00	1576.26
ENSG00000187792	ZNF70	protein_coding	4406.00	0.00	0.00
ENSG00000187860	CCDC157	protein_coding	2836.50	0.00	0.00
ENSG00000187905	LRRC74B	protein_coding	3714.00	0.00	0.00
ENSG00000187979	FAM230D	lncRNA	1062.50	0.00	0.00
ENSG00000188064	WNT7B	protein_coding	2287.25	0.00	0.00
ENSG00000188078	ENSG00000188078	unprocessed_pseudogene	444.00	0.00	0.00
ENSG00000188130	MAPK12	protein_coding	1459.00	1.00	97.11
ENSG00000188263	IL17REL	protein_coding	6473.50	0.00	0.00
ENSG00000188280	FAM230G	lncRNA	742.78	0.00	0.00
ENSG00000188511	MIR3667HG	lncRNA	1554.92	0.00	0.00
ENSG00000188636	RTL6	protein_coding	5419.00	0.00	0.00
ENSG00000188677	PARVB	protein_coding	5394.00	1.00	23.55
ENSG00000189060	H1-0	protein_coding	2204.00	0.00	0.00
ENSG00000189269	DRICH1	protein_coding	1300.00	0.00	0.00
ENSG00000189295	ANKRD62P1-PARP4P3	lncRNA	1181.00	0.00	0.00
ENSG00000189306	RRP7A	protein_coding	1914.51	16.00	1141.18
ENSG00000196236	XPNPEP3	protein_coding	4910.70	4.00	103.88
ENSG00000196419	XRCC6	protein_coding	2076.22	79.00	5149.21
ENSG00000196431	CRYBA4	protein_coding	809.00	0.00	0.00
ENSG00000196576	PLXNB2	protein_coding	6289.00	10.00	200.92
ENSG00000196588	MRTFA	protein_coding	1243.55	2.00	234.28
ENSG00000197077	KIAA1671	protein_coding	8099.83	0.00	0.00
ENSG00000197182	MIRLET7BHG	lncRNA	4560.00	0.98	27.40
ENSG00000197210	ENSG00000197210	lncRNA	4870.00	0.00	0.00
ENSG00000197421	GGT3P	transcribed_unprocessed_pseudogene	1714.00	0.00	0.00
ENSG00000197549	PRAMENP	transcribed_unprocessed_pseudogene	1445.00	0.00	0.00
ENSG00000198062	POTEH	protein_coding	2037.00	6.83	454.97
ENSG00000198089	SFI1	protein_coding	3119.00	2.00	83.81
ENSG00000198125	MB	protein_coding	1029.00	1.00	147.42
ENSG00000198355	PIM3	protein_coding	2096.75	0.00	0.00
ENSG00000198445	CCT8L2	protein_coding	2060.00	0.00	0.00
ENSG00000198792	TMEM184B	protein_coding	3658.58	0.00	0.00
ENSG00000198832	SELENOM	protein_coding	874.00	0.00	0.00
ENSG00000198911	SREBF2	protein_coding	5148.10	17.00	420.29
ENSG00000198951	NAGA	protein_coding	3488.00	5.00	186.01
ENSG00000199248	RNU6-28P	snRNA	107.00	0.00	0.00
ENSG00000199515	Y_RNA	misc_RNA	93.00	0.00	0.00
ENSG00000199695	RNU6-1128P	snRNA	109.00	0.00	0.00
ENSG00000199783	ENSG00000199783	snoRNA	68.00	0.00	0.00
ENSG00000199797	Y_RNA	misc_RNA	97.00	0.00	0.00
ENSG00000199865	RNU6-495P	snRNA	107.00	0.00	0.00
ENSG00000200057	RN7SKP63	misc_RNA	301.00	0.00	0.00
ENSG00000200332	Y_RNA	misc_RNA	102.00	0.00	0.00
ENSG00000200443	RNU6-1066P	snRNA	105.00	0.00	0.00
ENSG00000200448	Y_RNA	misc_RNA	100.00	0.00	0.00
ENSG00000200683	RNU6-379P	snRNA	104.00	0.00	0.00
ENSG00000200871	RNU6-810P	snRNA	107.00	0.00	0.00
ENSG00000200976	Y_RNA	misc_RNA	102.00	0.00	0.00
ENSG00000200985	RNA5SP493	rRNA_pseudogene	91.00	0.00	0.00
ENSG00000201078	RN7SKP214	misc_RNA	315.00	0.00	0.00
ENSG00000201209	SNORD42	snoRNA	68.00	0.00	0.00
ENSG00000201916	Y_RNA	misc_RNA	111.00	0.00	0.00
ENSG00000202019	Y_RNA	misc_RNA	102.00	0.00	0.00
ENSG00000202058	RN7SKP80	misc_RNA	283.00	1.00	1456.41
ENSG00000203280	KIAA1671-AS1	lncRNA	957.00	0.00	0.00
ENSG00000203416	FAM32BP	processed_pseudogene	333.00	0.00	0.00
ENSG00000203527	SCUBE1-AS1	lncRNA	1951.00	0.00	0.00
ENSG00000203618	GP1BB	protein_coding	1009.50	0.00	0.00
ENSG00000205559	CHKB-DT	lncRNA	1790.40	0.00	0.00
ENSG00000205560	CPT1B	protein_coding	2603.21	0.00	0.00
ENSG00000205593	DENND6B	protein_coding	1751.00	3.00	236.52
ENSG00000205632	LINC01310	lncRNA	4015.00	0.00	0.00
ENSG00000205634	LINC00898	lncRNA	4185.00	0.00	0.00
ENSG00000205643	CDPF1	protein_coding	1329.00	2.00	216.56
ENSG00000205702	CYP2D7	protein_coding	1697.50	0.00	0.00
ENSG00000205704	SMIM45	protein_coding	1584.82	0.00	0.00
ENSG00000205853	RFPL3S	lncRNA	1755.25	0.00	0.00
ENSG00000205856	C22orf42	protein_coding	1378.00	0.00	0.00
ENSG00000206028	ENSG00000206028	lncRNA	2613.00	0.00	0.00
ENSG00000206066	IGLL3P	transcribed_unprocessed_pseudogene	434.00	0.00	0.00
ENSG00000206069	LHFPL7	protein_coding	922.00	0.00	0.00
ENSG00000206090	ENSG00000206090	unprocessed_pseudogene	532.00	0.00	0.00
ENSG00000206140	TMEM191C	protein_coding	1117.75	0.00	0.00
ENSG00000206142	FAM230H	lncRNA	1992.60	0.00	0.00
ENSG00000206145	P2RX6P	transcribed_unprocessed_pseudogene	357.00	0.00	0.00
ENSG00000206195	DUXAP8	lncRNA	971.00	2.00	316.99
ENSG00000206203	TSSK2	protein_coding	1315.00	0.00	0.00
ENSG00000206615	RNU6-338P	snRNA	105.00	0.00	0.00
ENSG00000206739	Y_RNA	misc_RNA	112.00	0.00	0.00
ENSG00000206813	Y_RNA	misc_RNA	102.00	0.00	0.00
ENSG00000206841	RNU6-409P	snRNA	104.00	0.00	0.00
ENSG00000207227	RNU6-900P	snRNA	102.00	0.00	0.00
ENSG00000207343	RNU6-225P	snRNA	103.00	0.00	0.00
ENSG00000207455	RNU6-331P	snRNA	107.00	0.00	0.00
ENSG00000207457	RNU6-476P	snRNA	107.00	0.00	0.00
ENSG00000207575	MIR649	miRNA	97.00	0.00	0.00
ENSG00000207696	MIR659	miRNA	97.00	0.00	0.00
ENSG00000207751	ENSG00000207751	lncRNA	1169.00	0.00	0.00
ENSG00000207780	MIR648	miRNA	94.00	0.00	0.00
ENSG00000207932	MIR33A	miRNA	69.00	0.00	0.00
ENSG00000208023	MIR185	miRNA	82.00	0.00	0.00
ENSG00000209480	SNORD83B	snoRNA	93.00	0.00	0.00
ENSG00000209482	SNORD83A	snoRNA	95.00	0.00	0.00
ENSG00000211637	IGLV4-69	IG_V_gene	419.00	11.00	6117.87
ENSG00000211638	IGLV8-61	IG_V_gene	414.00	0.00	0.00
ENSG00000211639	IGLV4-60	IG_V_gene	362.00	0.00	0.00
ENSG00000211640	IGLV6-57	IG_V_gene	353.00	9.00	7150.75
ENSG00000211641	IGLV11-55	IG_V_gene	381.00	0.00	0.00
ENSG00000211642	IGLV10-54	IG_V_gene	365.00	0.00	0.00
ENSG00000211643	IGLV5-52	IG_V_gene	379.00	0.00	0.00
ENSG00000211644	IGLV1-51	IG_V_gene	389.00	0.00	0.00
ENSG00000211645	IGLV1-50	IG_V_gene	405.00	0.00	0.00
ENSG00000211647	IGLV5-48	IG_V_gene	369.00	0.00	0.00
ENSG00000211648	IGLV1-47	IG_V_gene	407.00	0.00	0.00
ENSG00000211649	IGLV7-46	IG_V_gene	385.00	0.00	0.00
ENSG00000211650	IGLV5-45	IG_V_gene	397.00	0.00	0.00
ENSG00000211651	IGLV1-44	IG_V_gene	467.00	0.00	0.00
ENSG00000211652	IGLV7-43	IG_V_gene	385.00	0.00	0.00
ENSG00000211653	IGLV1-40	IG_V_gene	407.00	0.00	0.00
ENSG00000211654	IGLV5-37	IG_V_gene	374.00	0.00	0.00
ENSG00000211655	IGLV1-36	IG_V_gene	393.00	0.00	0.00
ENSG00000211656	IGLV2-33	IG_V_gene	412.00	0.00	0.00
ENSG00000211657	IGLV3-32	IG_V_gene	383.00	0.00	0.00
ENSG00000211658	IGLV3-27	IG_V_gene	377.00	0.00	0.00
ENSG00000211659	IGLV3-25	IG_V_gene	380.00	0.00	0.00
ENSG00000211660	IGLV2-23	IG_V_gene	502.00	231.37	93431.65
ENSG00000211661	IGLV3-22	IG_V_gene	409.00	0.00	0.00
ENSG00000211662	IGLV3-21	IG_V_gene	602.00	0.00	0.00
ENSG00000211663	IGLV3-19	IG_V_gene	377.00	0.00	0.00
ENSG00000211664	IGLV2-18	IG_V_gene	367.00	0.00	0.00
ENSG00000211665	IGLV3-16	IG_V_gene	385.00	0.00	0.00
ENSG00000211666	IGLV2-14	IG_V_gene	402.00	1.63	982.58
ENSG00000211667	IGLV3-12	IG_V_gene	356.00	0.00	0.00
ENSG00000211668	IGLV2-11	IG_V_gene	400.00	0.00	0.00
ENSG00000211669	IGLV3-10	IG_V_gene	382.00	0.00	0.00
ENSG00000211670	IGLV3-9	IG_V_gene	461.00	0.00	0.00
ENSG00000211672	IGLV4-3	IG_V_gene	403.00	0.00	0.00
ENSG00000211673	IGLV3-1	IG_V_gene	398.00	0.00	0.00
ENSG00000211674	IGLJ1	IG_J_gene	127.00	0.00	0.00
ENSG00000211675	IGLC1	IG_C_gene	460.00	0.00	0.00
ENSG00000211676	IGLJ2	IG_J_gene	175.00	0.00	0.00
ENSG00000211677	IGLC2	IG_C_gene	462.00	317.84	147872.58
ENSG00000211678	IGLJ3	IG_J_gene	176.00	0.00	0.00
ENSG00000211679	IGLC3	IG_C_gene	462.00	24.16	11238.44
ENSG00000211680	IGLJ4	IG_J_gene	33.00	0.00	0.00
ENSG00000211681	IGLJ5	IG_J_gene	38.00	0.00	0.00
ENSG00000211682	IGLJ6	IG_J_gene	70.00	0.00	0.00
ENSG00000211684	IGLJ7	IG_J_gene	46.00	0.00	0.00
ENSG00000211685	IGLC7	IG_C_gene	441.00	0.00	0.00
ENSG00000212102	MIR301B	miRNA	78.00	0.00	0.00
ENSG00000212216	RNU6-816P	snRNA	107.00	0.00	0.00
ENSG00000212542	RNA5SP496	rRNA_pseudogene	109.00	0.00	0.00
ENSG00000212569	Y_RNA	misc_RNA	98.00	0.00	0.00
ENSG00000212939	ENSG00000212939	lncRNA	3894.00	0.00	0.00
ENSG00000213279	ENSG00000213279	lncRNA	2380.00	0.00	0.00
ENSG00000213683	SNRPA1P2	processed_pseudogene	760.00	10.00	2181.06
ENSG00000213707	HMGB1P10	transcribed_processed_pseudogene	563.00	29.88	10043.47
ENSG00000213727	SSBP3P3	processed_pseudogene	1177.00	0.00	0.00
ENSG00000213752	ENSG00000213752	processed_pseudogene	487.00	11.00	4673.37
ENSG00000213790	OLA1P1	processed_pseudogene	1189.00	10.00	1235.93
ENSG00000213857	ACTBP15	processed_pseudogene	1060.00	650.21	92401.62
ENSG00000213888	LINC01521	lncRNA	1975.00	0.00	0.00
ENSG00000213923	CSNK1E	protein_coding	1288.00	2.00	224.71
ENSG00000214076	CPSF1P1	transcribed_processed_pseudogene	3730.00	1.00	34.65
ENSG00000214093	RPS18P14	processed_pseudogene	457.00	58.00	27506.68
ENSG00000214125	SNRPNP2	processed_pseudogene	682.00	3.00	759.98
ENSG00000214161	SDC4P	processed_pseudogene	601.00	0.00	0.00
ENSG00000214491	SEC14L6	protein_coding	2953.25	0.00	0.00
ENSG00000214526	RPS10P30	processed_pseudogene	385.00	0.00	0.00
ENSG00000214727	RPL5P35	unprocessed_pseudogene	816.00	0.00	0.00
ENSG00000215012	RTL10	protein_coding	6523.00	2.00	38.70
ENSG00000215193	PEX26	protein_coding	8289.00	0.00	0.00
ENSG00000215268	USP10P3	processed_pseudogene	2260.00	10.00	593.68
ENSG00000215270	TOMM40P2	processed_pseudogene	1049.00	1.00	143.95
ENSG00000215333	KRT18P23	processed_pseudogene	1283.00	1.00	112.88
ENSG00000215347	SLC25A5P1	transcribed_processed_pseudogene	898.00	13.86	2425.60
ENSG00000215403	LL22NC01-81G9.3	lncRNA	992.00	0.00	0.00
ENSG00000215456	BCRP4	unprocessed_pseudogene	804.00	0.00	0.00
ENSG00000215464	RPS10P29	processed_pseudogene	456.00	17.00	8093.67
ENSG00000215478	CES5AP1	transcribed_unprocessed_pseudogene	859.00	0.00	0.00
ENSG00000215481	BCRP3	lncRNA	1614.33	0.00	0.00
ENSG00000215493	KLHL12P1	processed_pseudogene	1703.00	1.00	81.35
ENSG00000215498	FAM230B	lncRNA	1626.75	0.00	0.00
ENSG00000215544	BCRP7	transcribed_unprocessed_pseudogene	544.00	0.00	0.00
ENSG00000215568	GAB4	protein_coding	2342.50	0.00	0.00
ENSG00000215771	LRRC37A14P	transcribed_processed_pseudogene	462.00	0.00	0.00
ENSG00000217261	POM121L4P	transcribed_unprocessed_pseudogene	1891.00	0.00	0.00
ENSG00000217442	SYCE3	protein_coding	402.00	0.00	0.00
ENSG00000218357	LINC01644	lncRNA	1140.00	0.00	0.00
ENSG00000218537	MIF-AS1	lncRNA	1476.00	5.55	531.47
ENSG00000219438	TAFA5	protein_coding	2122.25	0.00	0.00
ENSG00000220248	ZNF402P	processed_pseudogene	3100.00	0.00	0.00
ENSG00000220702	ENSG00000220702	lncRNA	606.00	0.00	0.00
ENSG00000220891	LL22NC03-63E9.3	lncRNA	3111.00	0.00	0.00
ENSG00000221039	MIR1286	miRNA	78.00	0.00	0.00
ENSG00000221598	MIR1249	miRNA	66.00	0.00	0.00
ENSG00000221760	MIR548J	miRNA	112.00	0.00	0.00
ENSG00000221890	NPTXR	protein_coding	5830.00	0.00	0.00
ENSG00000221963	APOL6	protein_coding	10065.00	5.00	62.01
ENSG00000222037	IGLC6	IG_C_pseudogene	317.00	0.00	0.00
ENSG00000222044	ENSG00000222044	lncRNA	1055.00	0.00	0.00
ENSG00000222352	RN7SKP221	misc_RNA	301.00	0.00	0.00
ENSG00000222585	RNA5SP494	rRNA_pseudogene	129.00	0.00	0.00
ENSG00000222630	RN7SKP131	misc_RNA	301.00	0.00	0.00
ENSG00000222698	Y_RNA	misc_RNA	95.00	0.00	0.00
ENSG00000222915	RNU6-564P	snRNA	104.00	0.00	0.00
ENSG00000223056	RN7SKP169	misc_RNA	291.00	0.00	0.00
ENSG00000223142	RN7SKP252	misc_RNA	327.00	0.00	0.00
ENSG00000223350	IGLV9-49	IG_V_gene	409.00	0.00	0.00
ENSG00000223461	ENSG00000223461	lncRNA	1399.50	0.00	0.00
ENSG00000223553	SMPD4P1	transcribed_unprocessed_pseudogene	2263.00	0.00	0.00
ENSG00000223679	ENSG00000223679	unprocessed_pseudogene	258.00	0.00	0.00
ENSG00000223695	MYH9-DT	lncRNA	1180.00	0.00	0.00
ENSG00000223726	ENSG00000223726	lncRNA	953.50	0.00	0.00
ENSG00000223730	RPL6P28	transcribed_processed_pseudogene	839.00	4.00	764.73
ENSG00000223831	PES1-AS1	lncRNA	249.00	0.00	0.00
ENSG00000223843	EFCAB6-AS1	lncRNA	2175.50	0.00	0.00
ENSG00000223875	NBEAP3	transcribed_unprocessed_pseudogene	1493.00	0.00	0.00
ENSG00000223999	ENSG00000223999	lncRNA	451.00	0.00	0.00
ENSG00000224003	YES1P1	processed_pseudogene	1628.00	0.00	0.00
ENSG00000224027	ENSG00000224027	lncRNA	917.00	0.00	0.00
ENSG00000224086	PPM1F-AS1	lncRNA	20054.00	0.00	0.00
ENSG00000224124	POM121L10P	transcribed_processed_pseudogene	1285.00	0.00	0.00
ENSG00000224144	ASH2LP1	processed_pseudogene	985.00	0.00	0.00
ENSG00000224192	SEZ6L-AS1	lncRNA	535.00	0.00	0.00
ENSG00000224205	GSTT3P	transcribed_unprocessed_pseudogene	699.00	0.00	0.00
ENSG00000224256	BBLNP2	processed_pseudogene	245.00	0.00	0.00
ENSG00000224271	EPIC1	lncRNA	2155.33	0.00	0.00
ENSG00000224277	ENSG00000224277	lncRNA	569.00	0.00	0.00
ENSG00000224279	RPS29P31	processed_pseudogene	164.00	0.00	0.00
ENSG00000224334	ACTR2P1	processed_pseudogene	1165.00	6.00	759.98
ENSG00000224404	ENSG00000224404	lncRNA	1521.00	1.00	92.55
ENSG00000224435	NF1P6	transcribed_unprocessed_pseudogene	1649.00	0.00	0.00
ENSG00000224465	SOCS2P2	processed_pseudogene	574.00	0.00	0.00
ENSG00000224688	E2F6P2	processed_pseudogene	748.00	0.00	0.00
ENSG00000224715	ENSG00000224715	lncRNA	4364.00	0.00	0.00
ENSG00000224794	ENSG00000224794	lncRNA	1311.50	0.00	0.00
ENSG00000224806	ARL5AP4	processed_pseudogene	512.00	1.00	390.92
ENSG00000224856	RPL35AP36	processed_pseudogene	322.00	13.00	12932.07
ENSG00000224883	ENSG00000224883	lncRNA	515.00	0.00	0.00
ENSG00000224973	LARGE-AS1	lncRNA	1784.50	0.00	0.00
ENSG00000225007	ENSG00000225007	lncRNA	591.00	0.00	0.00
ENSG00000225098	BCRP1	transcribed_unprocessed_pseudogene	640.00	1.00	277.45
ENSG00000225225	ARL2BPP10	processed_pseudogene	531.00	0.00	0.00
ENSG00000225255	PSLNR	lncRNA	991.40	0.00	0.00
ENSG00000225282	KLHL5P1	processed_pseudogene	1763.00	0.00	0.00
ENSG00000225293	ABCD1P4	unprocessed_pseudogene	604.00	0.00	0.00
ENSG00000225335	ENSG00000225335	lncRNA	998.33	0.00	0.00
ENSG00000225413	LINC02557	lncRNA	477.00	0.00	0.00
ENSG00000225450	ENSG00000225450	lncRNA	500.00	0.00	0.00
ENSG00000225465	RFPL1S	lncRNA	2902.67	0.00	0.00
ENSG00000225480	ENSG00000225480	transcribed_processed_pseudogene	102.00	0.00	0.00
ENSG00000225528	TMA7B	protein_coding	1509.00	29.00	2708.67
ENSG00000225544	MPPE1P2	processed_pseudogene	392.00	2.00	1267.95
ENSG00000225557	MTCO3P20	processed_pseudogene	688.00	0.00	0.00
ENSG00000225676	ENSG00000225676	lncRNA	2270.00	0.00	0.00
ENSG00000225720	ENSG00000225720	transcribed_unprocessed_pseudogene	314.00	0.00	0.00
ENSG00000225724	ASH2LP3	unprocessed_pseudogene	1642.00	0.00	0.00
ENSG00000225741	ENSG00000225741	unprocessed_pseudogene	1262.00	0.00	0.00
ENSG00000225774	SIRPAP1	processed_pseudogene	1770.00	0.00	0.00
ENSG00000225783	MIAT	lncRNA	3043.00	0.00	0.00
ENSG00000225867	ENSG00000225867	lncRNA	552.00	0.00	0.00
ENSG00000225929	ENSG00000225929	lncRNA	1326.00	0.00	0.00
ENSG00000225971	RPS3AP51	processed_pseudogene	789.00	11.64	2413.92
ENSG00000226024	COX5BP7	processed_pseudogene	274.00	0.00	0.00
ENSG00000226085	UQCRFS1P1	processed_pseudogene	820.00	16.00	3152.52
ENSG00000226142	RPL35P8	processed_pseudogene	337.00	7.00	6206.53
ENSG00000226160	ENSG00000226160	processed_pseudogene	88.00	0.00	0.00
ENSG00000226169	ENSG00000226169	lncRNA	451.00	0.00	0.00
ENSG00000226233	RPL39P41	processed_pseudogene	154.00	1.00	0.00
ENSG00000226287	TMEM191A	transcribed_unprocessed_pseudogene	1067.00	0.00	0.00
ENSG00000226328	NUP50-DT	lncRNA	1698.00	0.00	0.00
ENSG00000226336	MRPS16P3	processed_pseudogene	374.00	0.00	0.00
ENSG00000226420	IGLV3-4	IG_V_pseudogene	244.00	0.00	0.00
ENSG00000226444	ACTR3BP7	processed_pseudogene	1241.00	0.00	0.00
ENSG00000226450	CYP2D8P	transcribed_unprocessed_pseudogene	1490.00	0.00	0.00
ENSG00000226471	ENSG00000226471	lncRNA	728.50	0.00	0.00
ENSG00000226474	ENSG00000226474	unprocessed_pseudogene	177.00	0.00	0.00
ENSG00000226477	ENSG00000226477	unprocessed_pseudogene	256.00	0.00	0.00
ENSG00000226534	SUSD2P1	processed_pseudogene	689.00	0.00	0.00
ENSG00000226573	RPL36P17	processed_pseudogene	315.00	0.00	0.00
ENSG00000226595	ENSG00000226595	unprocessed_pseudogene	328.00	0.00	0.00
ENSG00000226741	LINC02554	lncRNA	3051.50	0.00	0.00
ENSG00000226772	ENSG00000226772	lncRNA	539.00	0.00	0.00
ENSG00000226872	ENSG00000226872	lncRNA	714.00	0.00	0.00
ENSG00000226885	E2F6P3	processed_pseudogene	743.00	0.00	0.00
ENSG00000226912	ISCA2P1	processed_pseudogene	448.00	0.00	0.00
ENSG00000226954	ENSG00000226954	lncRNA	3775.00	0.00	0.00
ENSG00000226989	COA1P1	processed_pseudogene	397.00	0.00	0.00
ENSG00000227009	FUNDC2P4	processed_pseudogene	421.00	1.00	551.16
ENSG00000227117	HORMAD2-AS1	lncRNA	863.00	0.00	0.00
ENSG00000227188	MGAT3-AS1	lncRNA	498.00	0.00	0.00
ENSG00000227201	CNN2P1	processed_pseudogene	918.00	3.00	510.53
ENSG00000227367	SLC9B1P4	unprocessed_pseudogene	1288.00	0.00	0.00
ENSG00000227370	ENSG00000227370	transcribed_processed_pseudogene	456.00	0.00	0.00
ENSG00000227413	ENSG00000227413	processed_pseudogene	355.00	0.00	0.00
ENSG00000227484	ENSG00000227484	lncRNA	531.00	0.00	0.00
ENSG00000227519	ENSG00000227519	lncRNA	473.00	0.00	0.00
ENSG00000227710	ENSG00000227710	unprocessed_pseudogene	346.00	0.00	0.00
ENSG00000227755	ENSG00000227755	transcribed_processed_pseudogene	163.00	0.00	0.00
ENSG00000227813	ENSG00000227813	processed_pseudogene	490.00	0.00	0.00
ENSG00000227838	CPMER	lncRNA	819.00	0.00	0.00
ENSG00000227880	ENSG00000227880	lncRNA	980.00	0.00	0.00
ENSG00000228039	ENSG00000228039	transcribed_processed_pseudogene	254.00	0.00	0.00
ENSG00000228045	DNAJA1P6	processed_pseudogene	354.00	0.00	0.00
ENSG00000228050	TOP3BP1	processed_pseudogene	1380.00	0.00	0.00
ENSG00000228122	MTND1P17	processed_pseudogene	204.00	0.00	0.00
ENSG00000228161	ENSG00000228161	unprocessed_pseudogene	162.00	0.00	0.00
ENSG00000228194	ETFRF1P1	processed_pseudogene	265.00	0.00	0.00
ENSG00000228274	TOMM22-DT	lncRNA	1475.67	0.00	0.00
ENSG00000228315	GUSBP11	lncRNA	6816.00	1.05	19.42
ENSG00000228587	ENSG00000228587	lncRNA	601.00	0.00	0.00
ENSG00000228599	RPL7P52	processed_pseudogene	742.00	63.00	14196.15
ENSG00000228620	ENSG00000228620	lncRNA	574.50	0.00	0.00
ENSG00000228622	ENSG00000228622	lncRNA	437.00	0.00	0.00
ENSG00000228719	ENSG00000228719	lncRNA	1368.50	0.00	0.00
ENSG00000228807	MRPS18CP6	processed_pseudogene	223.00	2.00	8874.63
ENSG00000228839	PIK3IP1-DT	lncRNA	764.00	0.00	0.00
ENSG00000228923	ENSG00000228923	lncRNA	480.00	0.00	0.00
ENSG00000229027	HSFY1P1	transcribed_unprocessed_pseudogene	1178.00	0.00	0.00
ENSG00000229088	MTND1P10	processed_pseudogene	832.00	0.00	0.00
ENSG00000229107	ABHD17AP4	processed_pseudogene	909.00	0.00	0.00
ENSG00000229169	RPS26P59	processed_pseudogene	238.00	0.00	0.00
ENSG00000229266	POM121L8P	transcribed_processed_pseudogene	1281.00	0.00	0.00
ENSG00000229275	ENSG00000229275	lncRNA	671.00	0.00	0.00
ENSG00000229286	ENSG00000229286	unprocessed_pseudogene	121.00	0.00	0.00
ENSG00000229409	ENSG00000229409	processed_pseudogene	162.00	0.00	0.00
ENSG00000229492	TERF2IPP1	processed_pseudogene	1132.00	0.00	0.00
ENSG00000229598	PRDX3P1	processed_pseudogene	763.00	12.00	2603.35
ENSG00000229608	GOLGA2P4	transcribed_unprocessed_pseudogene	777.00	0.00	0.00
ENSG00000229658	PABPC1P9	unprocessed_pseudogene	1612.00	0.00	0.00
ENSG00000229673	ENSG00000229673	lncRNA	147.00	0.00	0.00
ENSG00000229770	ENSG00000229770	lncRNA	1222.50	0.00	0.00
ENSG00000229891	LINC01315	lncRNA	992.00	0.00	0.00
ENSG00000229955	ENSG00000229955	lncRNA	541.00	0.00	0.00
ENSG00000229971	ENSG00000229971	lncRNA	405.00	0.00	0.00
ENSG00000229999	SGSM3-AS1	lncRNA	658.00	0.00	0.00
ENSG00000230051	ENSG00000230051	lncRNA	1321.00	0.00	0.00
ENSG00000230071	RPL4P6	processed_pseudogene	1304.00	16.00	1771.69
ENSG00000230107	ENSG00000230107	lncRNA	948.50	0.00	0.00
ENSG00000230120	ENSG00000230120	lncRNA	562.00	0.00	0.00
ENSG00000230137	SLC39A1P1	processed_pseudogene	482.00	0.00	0.00
ENSG00000230149	ENSG00000230149	lncRNA	527.00	0.00	0.00
ENSG00000230194	RPL34P35	processed_pseudogene	297.00	1.00	1248.54
ENSG00000230203	RPS3AP55	processed_pseudogene	807.00	39.36	7921.07
ENSG00000230319	TTLL1-AS1	lncRNA	778.88	0.00	0.00
ENSG00000230471	ENSG00000230471	lncRNA	1429.67	0.00	0.00
ENSG00000230481	IGKV1OR22-5	IG_V_pseudogene	354.00	0.00	0.00
ENSG00000230485	ENSG00000230485	processed_pseudogene	953.00	0.00	0.00
ENSG00000230513	THAP7-AS1	lncRNA	1743.67	0.00	0.00
ENSG00000230634	FAM136EP	processed_pseudogene	432.00	3.00	1575.42
ENSG00000230637	ENSG00000230637	transcribed_unprocessed_pseudogene	663.00	0.00	0.00
ENSG00000230643	ENSG00000230643	unprocessed_pseudogene	118.00	0.00	0.00
ENSG00000230701	FBXW4P1	processed_pseudogene	2239.00	0.00	0.00
ENSG00000230712	GGTLC4P	transcribed_unprocessed_pseudogene	675.00	0.00	0.00
ENSG00000230736	ENSG00000230736	lncRNA	1558.00	0.00	0.00
ENSG00000230741	ENSG00000230741	lncRNA	484.00	0.00	0.00
ENSG00000230769	RFKP4	processed_pseudogene	491.00	0.00	0.00
ENSG00000230821	ASH2LP4	processed_pseudogene	1651.00	0.00	0.00
ENSG00000230866	LINC02558	lncRNA	826.00	0.00	0.00
ENSG00000230912	ENSG00000230912	lncRNA	410.00	0.00	0.00
ENSG00000230922	ENSG00000230922	lncRNA	1633.00	0.00	0.00
ENSG00000230947	ENSG00000230947	lncRNA	364.00	0.00	0.00
ENSG00000231004	CECR9	TEC	199.00	0.00	0.00
ENSG00000231010	ENSG00000231010	lncRNA	1181.00	0.00	0.00
ENSG00000231086	TSSK1A	transcribed_unitary_pseudogene	768.00	0.00	0.00
ENSG00000231253	LINC01640	lncRNA	1328.50	0.00	0.00
ENSG00000231261	HMGN2P10	processed_pseudogene	265.00	16.00	29604.26
ENSG00000231271	ENSG00000231271	transcribed_unprocessed_pseudogene	289.00	0.00	0.00
ENSG00000231369	RPL15P22	processed_pseudogene	578.00	62.00	20016.23
ENSG00000231392	ENSG00000231392	unprocessed_pseudogene	163.00	0.00	0.00
ENSG00000231405	ENSG00000231405	lncRNA	473.00	0.00	0.00
ENSG00000231466	PHF10P2	processed_pseudogene	780.00	0.00	0.00
ENSG00000231467	ENSG00000231467	lncRNA	464.00	0.00	0.00
ENSG00000231495	ENSG00000231495	lncRNA	115.00	0.00	0.00
ENSG00000231565	NEK2P2	processed_pseudogene	1338.00	5.00	537.13
ENSG00000231576	MTCO2P20	processed_pseudogene	673.00	0.00	0.00
ENSG00000231711	LINC00899	lncRNA	1080.57	0.00	0.00
ENSG00000231801	ANP32BP2	processed_pseudogene	545.00	0.00	0.00
ENSG00000231907	GAPDHP37	transcribed_processed_pseudogene	968.00	40.00	6364.49
ENSG00000231933	MYO18B-AS1	lncRNA	860.17	0.00	0.00
ENSG00000231993	EP300-AS1	lncRNA	1587.00	1.02	90.22
ENSG00000232050	ENSG00000232050	processed_pseudogene	144.00	0.00	0.00
ENSG00000232073	ENSG00000232073	lncRNA	567.00	0.00	0.00
ENSG00000232081	LARGE-IT1	lncRNA	558.00	0.00	0.00
ENSG00000232218	RGL4P1	unprocessed_pseudogene	201.00	0.00	0.00
ENSG00000232254	CSF2RBP1	transcribed_unprocessed_pseudogene	391.00	0.00	0.00
ENSG00000232305	CLCP1	processed_pseudogene	388.00	0.00	0.00
ENSG00000232346	RPS17P16	processed_pseudogene	407.00	19.00	11176.87
ENSG00000232350	ENSG00000232350	unprocessed_pseudogene	148.00	0.00	0.00
ENSG00000232363	ENSG00000232363	lncRNA	717.00	0.00	0.00
ENSG00000232396	CABP7-DT	lncRNA	579.50	0.00	0.00
ENSG00000232464	ENSG00000232464	lncRNA	472.00	0.00	0.00
ENSG00000232515	ENSG00000232515	unprocessed_pseudogene	358.00	0.00	0.00
ENSG00000232530	LIF-AS1	lncRNA	993.00	0.00	0.00
ENSG00000232545	ENSG00000232545	lncRNA	558.00	0.00	0.00
ENSG00000232564	MRTFA-AS1	lncRNA	1932.00	0.00	0.00
ENSG00000232603	ENSG00000232603	unprocessed_pseudogene	292.00	0.00	0.00
ENSG00000232655	LINC01656	lncRNA	785.00	0.00	0.00
ENSG00000232707	AP1B1P2	unprocessed_pseudogene	106.00	0.00	0.00
ENSG00000232710	ENSG00000232710	lncRNA	667.00	0.00	0.00
ENSG00000232771	PPP1R26P5	processed_pseudogene	3664.00	0.00	0.00
ENSG00000232775	BMS1P22	transcribed_unprocessed_pseudogene	313.00	0.00	0.00
ENSG00000232897	ENSG00000232897	processed_pseudogene	740.00	0.00	0.00
ENSG00000232926	RPL8P5	processed_pseudogene	682.00	0.00	0.00
ENSG00000233010	RPEP4	processed_pseudogene	602.00	1.00	303.62
ENSG00000233080	LINC01399	transcribed_processed_pseudogene	244.00	2.00	5336.81
ENSG00000233157	ENSG00000233157	processed_pseudogene	712.00	0.00	0.00
ENSG00000233179	ENSG00000233179	lncRNA	568.00	0.00	0.00
ENSG00000233360	PDXP-DT	lncRNA	1945.00	0.00	0.00
ENSG00000233388	TRMT112P8	processed_pseudogene	1726.00	2.00	160.26
ENSG00000233471	KRT18P62	processed_pseudogene	1287.00	0.00	0.00
ENSG00000233521	LINC01638	lncRNA	728.60	0.00	0.00
ENSG00000233574	ENSG00000233574	lncRNA	371.50	0.00	0.00
ENSG00000233577	ENSG00000233577	lncRNA	830.60	0.00	0.00
ENSG00000233603	JTBP1	processed_pseudogene	247.00	0.00	0.00
ENSG00000233632	ENSG00000233632	processed_pseudogene	199.00	0.00	0.00
ENSG00000233720	ENSG00000233720	unprocessed_pseudogene	250.00	0.00	0.00
ENSG00000233733	H2AZP6	processed_pseudogene	394.00	3.00	1882.42
ENSG00000233739	ENSG00000233739	lncRNA	414.00	0.00	0.00
ENSG00000233764	MTCO1P20	processed_pseudogene	358.00	0.00	0.00
ENSG00000233866	ENSG00000233866	lncRNA	586.00	0.00	0.00
ENSG00000233995	ENSG00000233995	unprocessed_pseudogene	617.00	0.00	0.00
ENSG00000234009	RPL5P34	processed_pseudogene	891.00	73.00	12907.63
ENSG00000234121	GPM6BP3	processed_pseudogene	145.00	0.00	0.00
ENSG00000234208	ENSG00000234208	lncRNA	289.00	0.00	0.00
ENSG00000234300	LINC00229	lncRNA	999.00	0.00	0.00
ENSG00000234353	ENSG00000234353	transcribed_unprocessed_pseudogene	383.00	0.00	0.00
ENSG00000234381	MED15P7	unprocessed_pseudogene	822.00	0.00	0.00
ENSG00000234409	CCDC188	protein_coding	1476.00	0.00	0.00
ENSG00000234479	AP1B1P1	transcribed_unprocessed_pseudogene	191.00	0.00	0.00
ENSG00000234503	ENSG00000234503	lncRNA	774.00	0.00	0.00
ENSG00000234626	ENSG00000234626	lncRNA	489.00	0.00	0.00
ENSG00000234630	ENSG00000234630	lncRNA	524.00	0.00	0.00
ENSG00000234688	CACNG2-DT	lncRNA	879.33	0.00	0.00
ENSG00000234726	ENSG00000234726	processed_pseudogene	1242.00	0.00	0.00
ENSG00000234735	RPS25P10	processed_pseudogene	358.00	41.00	31551.25
ENSG00000234764	E2F6P1	processed_pseudogene	745.00	0.00	0.00
ENSG00000234869	LINC02925	lncRNA	1360.67	0.00	0.00
ENSG00000234884	GRK3-AS1	lncRNA	957.40	0.00	0.00
ENSG00000234891	ENSG00000234891	lncRNA	768.00	0.00	0.00
ENSG00000234892	ENSG00000234892	lncRNA	988.00	0.00	0.00
ENSG00000234913	ENSG00000234913	lncRNA	2493.00	0.00	0.00
ENSG00000234928	LINC01659	lncRNA	2770.50	0.00	0.00
ENSG00000234965	SHISA8	protein_coding	1823.00	0.00	0.00
ENSG00000234979	ENSG00000234979	lncRNA	549.00	0.00	0.00
ENSG00000235062	BCRP5	transcribed_unprocessed_pseudogene	253.00	0.00	0.00
ENSG00000235091	ENSG00000235091	lncRNA	840.60	0.00	0.00
ENSG00000235154	ENSG00000235154	lncRNA	372.00	0.00	0.00
ENSG00000235159	LINC02939	lncRNA	890.00	0.00	0.00
ENSG00000235237	IL2RB-AS1	lncRNA	725.00	0.00	0.00
ENSG00000235246	TMEM184B-AS1	lncRNA	297.00	0.00	0.00
ENSG00000235295	LINC01634	lncRNA	1361.33	0.00	0.00
ENSG00000235328	RPL31P62	processed_pseudogene	328.00	0.00	0.00
ENSG00000235343	LINC01665	lncRNA	1141.00	0.00	0.00
ENSG00000235347	TRNT1P2	processed_pseudogene	1219.00	0.00	0.00
ENSG00000235445	ENSG00000235445	lncRNA	361.00	0.00	0.00
ENSG00000235478	LINC01664	lncRNA	1148.80	0.00	0.00
ENSG00000235485	ACO2P1	processed_pseudogene	2194.00	0.00	0.00
ENSG00000235513	L3MBTL2-AS1	lncRNA	3577.00	0.00	0.00
ENSG00000235568	NFAM1	protein_coding	4241.00	0.00	0.00
ENSG00000235573	RPS15AP37	processed_pseudogene	380.00	0.00	0.00
ENSG00000235617	ENSG00000235617	unprocessed_pseudogene	277.00	0.00	0.00
ENSG00000235647	MTFR2P2	processed_pseudogene	1167.00	1.00	126.40
ENSG00000235689	ENSG00000235689	transcribed_unprocessed_pseudogene	267.00	0.00	0.00
ENSG00000235759	ARHGAP42P3	processed_pseudogene	2508.00	0.00	0.00
ENSG00000235776	RPL7AP70	processed_pseudogene	801.00	36.00	7317.05
ENSG00000235786	ZNRF3-IT1	lncRNA	674.00	0.00	0.00
ENSG00000235954	TTC28-AS1	lncRNA	3294.00	1.00	39.53
ENSG00000235969	CHEK2P4	unprocessed_pseudogene	246.00	0.00	0.00
ENSG00000235989	MORC2-AS1	lncRNA	2274.00	0.00	0.00
ENSG00000235992	GRAMD4P2	transcribed_processed_pseudogene	1097.00	0.00	0.00
ENSG00000236003	ENSG00000236003	lncRNA	652.00	0.00	0.00
ENSG00000236052	LINC01643	lncRNA	1350.00	0.00	0.00
ENSG00000236054	SYN3-AS1	lncRNA	558.00	0.00	0.00
ENSG00000236079	SKP1P4	processed_pseudogene	452.00	0.00	0.00
ENSG00000236097	BNIP3P2	processed_pseudogene	577.00	0.00	0.00
ENSG00000236117	LINC01639	lncRNA	1615.00	0.00	0.00
ENSG00000236118	ENSG00000236118	unprocessed_pseudogene	281.00	0.00	0.00
ENSG00000236132	RPL17P52	processed_pseudogene	477.00	0.00	0.00
ENSG00000236235	ENSG00000236235	unprocessed_pseudogene	371.00	0.00	0.00
ENSG00000236272	SCUBE1-AS2	lncRNA	531.00	0.00	0.00
ENSG00000236323	BMP6P1	processed_pseudogene	679.00	0.00	0.00
ENSG00000236325	RPL32P5	processed_pseudogene	373.00	2.00	1406.41
ENSG00000236464	LINC02559	lncRNA	421.50	0.00	0.00
ENSG00000236499	LINC00896	lncRNA	861.64	0.00	0.00
ENSG00000236540	ENSG00000236540	lncRNA	796.57	0.00	0.00
ENSG00000236611	LINC02556	lncRNA	346.00	0.00	0.00
ENSG00000236641	ENSG00000236641	lncRNA	1066.00	0.00	0.00
ENSG00000236666	POTEH-AS1	lncRNA	2566.00	0.00	0.00
ENSG00000236670	KRT18P5	processed_pseudogene	1291.00	0.00	0.00
ENSG00000236754	ENSG00000236754	lncRNA	1183.67	0.00	0.00
ENSG00000236794	BCRP8	processed_pseudogene	255.00	0.00	0.00
ENSG00000236831	YME1L1P1	unprocessed_pseudogene	297.00	1.00	1248.54
ENSG00000236858	ENSG00000236858	lncRNA	1791.50	0.00	0.00
ENSG00000236867	ENSG00000236867	processed_pseudogene	465.00	0.00	0.00
ENSG00000236890	ENSG00000236890	processed_pseudogene	210.00	0.00	0.00
ENSG00000237015	ENSG00000237015	lncRNA	385.00	0.00	0.00
ENSG00000237037	NDUFA6-DT	lncRNA	1302.75	0.00	0.00
ENSG00000237127	ENSG00000237127	unprocessed_pseudogene	253.00	0.00	0.00
ENSG00000237129	MTCYBP34	processed_pseudogene	670.00	0.00	0.00
ENSG00000237214	RPS9P2	processed_pseudogene	582.00	27.00	8625.71
ENSG00000237299	ENSG00000237299	transcribed_unprocessed_pseudogene	568.00	0.00	0.00
ENSG00000237316	ENSG00000237316	lncRNA	688.00	0.00	0.00
ENSG00000237347	RPL28P6	processed_pseudogene	403.00	0.00	0.00
ENSG00000237358	ENSG00000237358	processed_pseudogene	351.00	0.00	0.00
ENSG00000237387	ENSG00000237387	lncRNA	660.00	0.00	0.00
ENSG00000237406	NDUFA9P1	processed_pseudogene	1135.00	17.00	2222.30
ENSG00000237407	ENSG00000237407	lncRNA	775.00	0.00	0.00
ENSG00000237428	ASH2LP2	processed_pseudogene	1561.00	0.00	0.00
ENSG00000237438	CECR7	transcribed_unprocessed_pseudogene	330.00	0.00	0.00
ENSG00000237439	ENSG00000237439	transcribed_unprocessed_pseudogene	630.00	0.00	0.00
ENSG00000237446	RHEBP3	processed_pseudogene	351.00	0.00	0.00
ENSG00000237472	ATP5PFP2	processed_pseudogene	319.00	2.00	2039.29
ENSG00000237476	LINC01637	lncRNA	675.00	0.00	0.00
ENSG00000237517	CELSR1P1	transcribed_unprocessed_pseudogene	862.00	0.00	0.00
ENSG00000237601	ENSG00000237601	processed_pseudogene	156.00	0.00	0.00
ENSG00000237668	RPS15AP38	processed_pseudogene	372.00	31.00	21925.30
ENSG00000237689	ENSG00000237689	lncRNA	488.00	0.00	0.00
ENSG00000237835	ENSG00000237835	processed_pseudogene	359.00	0.00	0.00
ENSG00000237862	ENSG00000237862	lncRNA	1814.67	0.00	0.00
ENSG00000237948	MTATP6P20	processed_pseudogene	562.00	0.00	0.00
ENSG00000237977	EIF4HP2	processed_pseudogene	563.00	3.00	1008.44
ENSG00000238120	LINC01589	lncRNA	1002.20	0.00	0.00
ENSG00000238125	SLC9A3P2	processed_pseudogene	2021.00	0.00	0.00
ENSG00000238153	ENSG00000238153	processed_pseudogene	380.00	0.00	0.00
ENSG00000238192	ENSG00000238192	lncRNA	753.00	0.00	0.00
ENSG00000238195	ENSG00000238195	lncRNA	943.50	0.00	0.00
ENSG00000238498	SNORD13P1	snoRNA	104.00	0.00	0.00
ENSG00000238584	RNU7-167P	snRNA	62.00	0.00	0.00
ENSG00000238875	RN7SKP210	misc_RNA	261.00	0.00	0.00
ENSG00000239127	SNORD125	snoRNA	96.00	0.00	0.00
ENSG00000239249	RN7SL757P	misc_RNA	301.00	0.00	0.00
ENSG00000239282	CASTOR1	protein_coding	1487.43	0.00	0.00
ENSG00000239435	KCNMB3P1	transcribed_unprocessed_pseudogene	3389.00	0.00	0.00
ENSG00000239511	POM121L7P	processed_pseudogene	2404.00	0.00	0.00
ENSG00000239547	RN7SL843P	misc_RNA	297.00	0.00	0.00
ENSG00000239713	APOBEC3G	protein_coding	1605.10	16.00	1392.30
ENSG00000239900	ADSL	protein_coding	1075.58	18.00	2512.52
ENSG00000239989	ENSG00000239989	transcribed_processed_pseudogene	391.00	1.00	637.28
ENSG00000240122	FABP5P11	transcribed_processed_pseudogene	397.00	7.42	4588.38
ENSG00000240160	RN7SL263P	misc_RNA	290.00	0.00	0.00
ENSG00000240186	RN7SL633P	misc_RNA	297.00	0.00	0.00
ENSG00000240591	ENSG00000240591	lncRNA	2118.00	0.00	0.00
ENSG00000240647	RN7SL305P	misc_RNA	281.00	0.00	0.00
ENSG00000240972	MIF	protein_coding	555.23	78.45	26946.64
ENSG00000241333	RN7SL385P	misc_RNA	276.00	0.00	0.00
ENSG00000241360	PDXP	protein_coding	1791.50	0.00	0.00
ENSG00000241484	ARHGAP8	protein_coding	1808.50	0.00	0.00
ENSG00000241527	CA15P1	transcribed_unitary_pseudogene	905.00	0.00	0.00
ENSG00000241693	RN7SL704P	misc_RNA	274.00	0.00	0.00
ENSG00000241717	VWFP1	transcribed_unprocessed_pseudogene	2907.00	0.00	0.00
ENSG00000241832	CECR3	lncRNA	1915.00	0.00	0.00
ENSG00000241838	ENSG00000241838	processed_pseudogene	1123.00	523.96	69383.05
ENSG00000241878	PISD	protein_coding	2265.00	6.00	355.35
ENSG00000241954	ENSG00000241954	lncRNA	444.00	0.00	0.00
ENSG00000241973	PI4KA	protein_coding	6529.00	4.00	77.32
ENSG00000242082	SLC5A4-AS1	lncRNA	6415.00	0.00	0.00
ENSG00000242114	MTFP1	protein_coding	863.21	7.00	1289.51
ENSG00000242156	ENSG00000242156	transcribed_unprocessed_pseudogene	175.00	0.00	0.00
ENSG00000242247	ARFGAP3	protein_coding	2438.00	6.00	327.89
ENSG00000242251	RN7SL20P	misc_RNA	297.00	0.00	0.00
ENSG00000242259	C22orf39	protein_coding	1005.00	1.00	151.81
ENSG00000242876	RN7SL812P	misc_RNA	279.00	0.00	0.00
ENSG00000243156	MICAL3	protein_coding	4707.00	0.00	0.00
ENSG00000243519	IGLVIVOR22-2	IG_V_pseudogene	330.00	0.00	0.00
ENSG00000243762	ENSG00000243762	lncRNA	526.00	0.00	0.00
ENSG00000243811	APOBEC3D	protein_coding	591.00	1.12	349.39
ENSG00000243902	ELFN2	lncRNA	1970.00	0.00	0.00
ENSG00000244296	RN7SL168P	misc_RNA	279.00	0.00	0.00
ENSG00000244425	RN7SL268P	misc_RNA	298.00	0.00	0.00
ENSG00000244486	SCARF2	protein_coding	3142.73	0.00	0.00
ENSG00000244491	ENSG00000244491	lncRNA	461.00	0.00	0.00
ENSG00000244509	APOBEC3C	protein_coding	1870.84	31.00	2268.80
ENSG00000244625	MIATNB	lncRNA	2578.00	1.00	51.43
ENSG00000244627	TPTEP2	transcribed_unprocessed_pseudogene	500.00	0.00	0.00
ENSG00000244671	RN7SL280P	misc_RNA	288.00	0.00	0.00
ENSG00000244723	ASLP1	transcribed_unprocessed_pseudogene	637.00	0.00	0.00
ENSG00000244752	CRYBB2	protein_coding	1445.67	0.00	0.00
ENSG00000248405	PRR5-ARHGAP8	protein_coding	2028.00	0.00	0.00
ENSG00000248409	CCDC188BP	transcribed_unprocessed_pseudogene	1202.00	0.00	0.00
ENSG00000248751	ENSG00000248751	protein_coding	1818.00	0.00	0.00
ENSG00000249222	ATP5MGL	protein_coding	799.00	14.00	2855.00
ENSG00000249263	PARP4P3	transcribed_unprocessed_pseudogene	317.00	3.00	3110.78
ENSG00000249288	SLC25A15P5	unprocessed_pseudogene	253.00	0.00	0.00
ENSG00000249310	APOBEC3B-AS1	lncRNA	691.00	0.00	0.00
ENSG00000249333	ENSG00000249333	unprocessed_pseudogene	375.00	0.00	0.00
ENSG00000249590	ENSG00000249590	protein_coding	1470.00	0.00	0.00
ENSG00000249680	TUBA3GP	unprocessed_pseudogene	1325.00	0.00	0.00
ENSG00000249923	LINC02891	lncRNA	2104.50	0.00	0.00
ENSG00000250261	CCDC74BP1	transcribed_unprocessed_pseudogene	1123.00	0.00	0.00
ENSG00000250318	RPL13AP26	unprocessed_pseudogene	612.00	6.00	1777.59
ENSG00000250470	ENSG00000250470	unprocessed_pseudogene	347.00	0.00	0.00
ENSG00000250479	CHCHD10	protein_coding	640.89	0.00	0.00
ENSG00000251322	SHANK3	protein_coding	5252.50	0.00	0.00
ENSG00000251357	ENSG00000251357	protein_coding	788.00	0.00	0.00
ENSG00000251890	RNA5SP497	rRNA_pseudogene	97.00	0.00	0.00
ENSG00000251913	RNU6-513P	snRNA	104.00	0.00	0.00
ENSG00000251940	ENSG00000251940	snoRNA	94.00	0.00	0.00
ENSG00000251952	RNU6-1219P	snRNA	112.00	0.00	0.00
ENSG00000251985	RNU6-1161P	snRNA	102.00	0.00	0.00
ENSG00000252020	ENSG00000252020	scaRNA	143.00	0.00	0.00
ENSG00000252143	ENSG00000252143	scaRNA	143.00	0.00	0.00
ENSG00000252225	Y_RNA	misc_RNA	91.00	0.00	0.00
ENSG00000252267	RNA5SP495	rRNA_pseudogene	110.00	0.00	0.00
ENSG00000252412	Y_RNA	misc_RNA	95.00	0.00	0.00
ENSG00000252603	RNU6ATAC22P	snRNA	89.00	0.00	0.00
ENSG00000252859	RNU6-375P	snRNA	100.00	0.00	0.00
ENSG00000252909	RNU6-201P	snRNA	61.00	0.00	0.00
ENSG00000253007	SNORA50B	snoRNA	135.00	0.00	0.00
ENSG00000253120	IGLV2-34	IG_V_pseudogene	283.00	0.00	0.00
ENSG00000253126	IGLVI-56	IG_V_pseudogene	342.00	0.00	0.00
ENSG00000253152	IGLV3-17	IG_V_pseudogene	244.00	0.00	0.00
ENSG00000253234	IGLV2-5	IG_V_pseudogene	277.00	0.00	0.00
ENSG00000253239	IGLVI-70	IG_V_pseudogene	390.00	0.00	0.00
ENSG00000253242	IGLVIV-64	IG_V_pseudogene	301.00	0.00	0.00
ENSG00000253329	IGLV3-30	IG_V_pseudogene	298.00	0.00	0.00
ENSG00000253338	IGLV3-29	IG_V_pseudogene	244.00	0.00	0.00
ENSG00000253352	TUG1	protein_coding	7474.00	4.00	67.28
ENSG00000253448	IGLV3-6	IG_V_pseudogene	250.00	0.00	0.00
ENSG00000253451	IGLV2-28	IG_V_pseudogene	304.00	0.00	0.00
ENSG00000253460	IGKV2OR22-3	IG_V_pseudogene	360.00	0.00	0.00
ENSG00000253481	IGKV1OR22-1	IG_V_pseudogene	360.00	0.00	0.00
ENSG00000253546	IGLVVI-22-1	IG_V_pseudogene	211.00	0.00	0.00
ENSG00000253590	IGLV3-13	IG_V_pseudogene	223.00	0.00	0.00
ENSG00000253631	IGLV7-35	IG_V_pseudogene	340.00	0.00	0.00
ENSG00000253637	IGLVV-58	IG_V_pseudogene	304.00	0.00	0.00
ENSG00000253691	IGKV2OR22-4	IG_V_pseudogene	367.00	0.00	0.00
ENSG00000253752	IGLVI-63	IG_V_pseudogene	384.00	0.00	0.00
ENSG00000253779	IGLVVI-25-1	IG_V_pseudogene	249.00	0.00	0.00
ENSG00000253786	IGLV3-15	IG_V_pseudogene	244.00	0.00	0.00
ENSG00000253794	IGLV10-67	IG_V_pseudogene	325.00	0.00	0.00
ENSG00000253818	IGLV1-41	IG_V_pseudogene	406.00	0.00	0.00
ENSG00000253822	IGLV3-24	IG_V_pseudogene	197.00	0.00	0.00
ENSG00000253823	IGLV1-62	IG_V_pseudogene	441.00	0.00	0.00
ENSG00000253874	IGLVIV-66-1	IG_V_pseudogene	460.00	0.00	0.00
ENSG00000253889	IGLVI-38	IG_V_pseudogene	385.00	0.00	0.00
ENSG00000253913	IGLV3-26	IG_V_pseudogene	302.00	0.00	0.00
ENSG00000253920	IGLV3-31	IG_V_pseudogene	297.00	0.00	0.00
ENSG00000253935	IGLVIV-53	IG_V_pseudogene	367.00	0.00	0.00
ENSG00000253963	IGLV3-2	IG_V_pseudogene	229.00	0.00	0.00
ENSG00000254029	IGLC4	IG_C_pseudogene	248.00	0.00	0.00
ENSG00000254030	IGLC5	IG_C_pseudogene	293.00	0.00	0.00
ENSG00000254073	IGLVVII-41-1	IG_V_pseudogene	151.00	0.00	0.00
ENSG00000254075	IGLVV-66	IG_V_pseudogene	341.00	0.00	0.00
ENSG00000254077	IGLV3-7	IG_V_pseudogene	271.00	0.00	0.00
ENSG00000254127	IGLCOR22-1	IG_C_pseudogene	316.00	0.00	0.00
ENSG00000254161	IGLVIV-65	IG_V_pseudogene	360.00	0.00	0.00
ENSG00000254175	IGLVI-42	IG_V_pseudogene	381.00	0.00	0.00
ENSG00000254240	IGLVI-20	IG_V_pseudogene	130.00	0.00	0.00
ENSG00000254264	IGKV3OR22-2	IG_V_pseudogene	313.00	0.00	0.00
ENSG00000254308	IGLVIV-59	IG_V_pseudogene	250.00	0.00	0.00
ENSG00000254355	IGLVI-68	IG_V_pseudogene	345.00	0.00	0.00
ENSG00000254413	CHKB-CPT1B	protein_coding	2816.00	0.00	0.00
ENSG00000254499	ENSG00000254499	lncRNA	284.00	0.00	0.00
ENSG00000254709	IGLL5	protein_coding	1172.33	0.00	0.00
ENSG00000254835	RNF185-AS1	lncRNA	353.00	0.84	670.81
ENSG00000255156	RNY1P9	misc_RNA	109.00	0.00	0.00
ENSG00000258555	SPECC1L-ADORA2A	protein_coding	6204.00	0.00	0.00
ENSG00000259271	ANKRD62P1	transcribed_unprocessed_pseudogene	1623.00	0.00	0.00
ENSG00000259421	ENSG00000259421	unprocessed_pseudogene	258.00	0.00	0.00
ENSG00000260613	ENSG00000260613	lncRNA	1594.00	0.00	0.00
ENSG00000260708	TBC1D22A-DT	lncRNA	735.00	1.00	228.28
ENSG00000260924	LINC01311	lncRNA	2716.00	1.00	48.61
ENSG00000261188	TFIP11-DT	lncRNA	636.00	1.00	279.99
ENSG00000261202	TNRC6B-DT	lncRNA	1899.00	1.00	71.97
ENSG00000261251	EFCAB6-DT	lncRNA	1499.00	0.00	0.00
ENSG00000261675	ENSG00000261675	lncRNA	2046.00	0.00	0.00
ENSG00000263366	ABHD17AP5	processed_pseudogene	923.00	1.00	169.00
ENSG00000263764	SNORD43	snoRNA	64.00	0.00	0.00
ENSG00000264073	MIR3199-1	miRNA	88.00	0.00	0.00
ENSG00000264139	MIR3667	miRNA	74.00	0.00	0.00
ENSG00000264141	MIR3928	miRNA	58.00	0.00	0.00
ENSG00000264160	MIR4762	miRNA	75.00	0.00	0.00
ENSG00000264346	SNORA77B	snoRNA	125.00	0.00	0.00
ENSG00000264661	MIR3200	miRNA	85.00	0.00	0.00
ENSG00000264757	MIR3198-1	miRNA	80.00	0.00	0.00
ENSG00000264824	MIR5571	miRNA	113.00	0.00	0.00
ENSG00000266012	MIR4764	miRNA	88.00	0.00	0.00
ENSG00000266320	MIR3909	miRNA	119.00	0.00	0.00
ENSG00000266503	RN7SL162P	misc_RNA	292.00	0.00	0.00
ENSG00000266508	MIR3201	miRNA	52.00	0.00	0.00
ENSG00000266533	MIR3619	miRNA	83.00	0.00	0.00
ENSG00000266594	MIR4766	miRNA	76.00	0.00	0.00
ENSG00000266887	MIR4535	miRNA	59.00	0.00	0.00
ENSG00000267338	ENSG00000267338	lncRNA	546.00	0.00	0.00
ENSG00000268292	ENSG00000268292	lncRNA	583.00	0.00	0.00
ENSG00000268812	LIF-AS2	lncRNA	794.00	0.00	0.00
ENSG00000268818	ENSG00000268818	lncRNA	852.00	0.00	0.00
ENSG00000269220	LINC00528	lncRNA	1602.00	1.00	87.21
ENSG00000269972	ENSG00000269972	lncRNA	264.00	0.00	0.00
ENSG00000269987	ENSG00000269987	lncRNA	546.00	0.00	0.00
ENSG00000270022	ENSG00000270022	lncRNA	1016.00	0.00	0.00
ENSG00000270083	ENSG00000270083	lncRNA	399.00	0.00	0.00
ENSG00000270226	IL9RP6	processed_pseudogene	529.00	0.00	0.00
ENSG00000270393	ENSG00000270393	processed_pseudogene	874.00	0.00	0.00
ENSG00000271093	IGLCOR22-2	IG_C_pseudogene	313.00	0.00	0.00
ENSG00000271127	ENSG00000271127	transcribed_unprocessed_pseudogene	2144.00	0.00	0.00
ENSG00000271138	IGLVIVOR22-1	IG_V_pseudogene	397.00	0.00	0.00
ENSG00000271181	STMN3P1	processed_pseudogene	246.00	0.00	0.00
ENSG00000271275	ENSG00000271275	transcribed_processed_pseudogene	458.00	0.00	0.00
ENSG00000271672	DUXAP8	transcribed_processed_pseudogene	622.00	0.00	0.00
ENSG00000272578	GUSBP11	transcribed_unprocessed_pseudogene	847.00	1.95	368.21
ENSG00000272582	ENSG00000272582	lncRNA	814.00	0.00	0.00
ENSG00000272600	ENSG00000272600	lncRNA	373.00	0.00	0.00
ENSG00000272666	KLHDC7B-DT	lncRNA	1237.00	0.00	0.00
ENSG00000272669	ENSG00000272669	lncRNA	491.00	0.00	0.00
ENSG00000272682	ENSG00000272682	lncRNA	1514.00	0.00	0.00
ENSG00000272689	ENSG00000272689	lncRNA	331.00	0.00	0.00
ENSG00000272694	ENSG00000272694	lncRNA	1016.00	0.00	0.00
ENSG00000272720	ENSG00000272720	lncRNA	1433.00	0.00	0.00
ENSG00000272733	ENSG00000272733	lncRNA	1081.00	0.00	0.00
ENSG00000272779	BMS1P20	transcribed_unprocessed_pseudogene	1121.00	3.00	398.13
ENSG00000272787	ENSG00000272787	lncRNA	663.00	0.00	0.00
ENSG00000272798	ENSG00000272798	lncRNA	604.00	0.00	0.00
ENSG00000272821	ENSG00000272821	lncRNA	855.00	0.00	0.00
ENSG00000272829	ENSG00000272829	lncRNA	883.00	0.00	0.00
ENSG00000272834	ENSG00000272834	lncRNA	443.00	0.00	0.00
ENSG00000272836	ENSG00000272836	lncRNA	478.00	0.00	0.00
ENSG00000272858	ENSG00000272858	lncRNA	749.00	0.00	0.00
ENSG00000272942	ENSG00000272942	lncRNA	2362.00	1.00	56.57
ENSG00000272973	ENSG00000272973	lncRNA	1398.00	0.00	0.00
ENSG00000272977	ENSG00000272977	lncRNA	3754.00	0.00	0.00
ENSG00000273032	DGCR5	lncRNA	2700.83	0.00	0.00
ENSG00000273044	ENSG00000273044	lncRNA	484.00	0.00	0.00
ENSG00000273068	ENSG00000273068	lncRNA	364.00	0.00	0.00
ENSG00000273076	ENSG00000273076	lncRNA	416.00	0.00	0.00
ENSG00000273082	LARGE1-AS1	lncRNA	956.00	0.00	0.00
ENSG00000273096	ENSG00000273096	lncRNA	183.00	0.00	0.00
ENSG00000273137	SELENOO-AS1	lncRNA	640.00	0.00	0.00
ENSG00000273139	ENSG00000273139	lncRNA	878.00	0.00	0.00
ENSG00000273145	ENSG00000273145	lncRNA	1387.00	0.00	0.00
ENSG00000273176	ENSG00000273176	lncRNA	385.00	0.00	0.00
ENSG00000273188	ENSG00000273188	lncRNA	679.00	0.00	0.00
ENSG00000273192	ENSG00000273192	lncRNA	2349.00	0.00	0.00
ENSG00000273212	ENSG00000273212	lncRNA	460.00	0.00	0.00
ENSG00000273214	ENSG00000273214	lncRNA	691.00	0.00	0.00
ENSG00000273216	ENSG00000273216	lncRNA	477.00	0.00	0.00
ENSG00000273243	ENSG00000273243	lncRNA	473.00	0.00	0.00
ENSG00000273244	ENSG00000273244	lncRNA	875.00	0.00	0.00
ENSG00000273253	TRABD-AS1	lncRNA	830.00	0.00	0.00
ENSG00000273272	ENSG00000273272	lncRNA	805.00	0.00	0.00
ENSG00000273287	ENSG00000273287	lncRNA	1216.33	0.00	0.00
ENSG00000273295	ENSG00000273295	lncRNA	5637.00	0.00	0.00
ENSG00000273300	ENSG00000273300	lncRNA	427.00	0.00	0.00
ENSG00000273311	DGCR11	lncRNA	2214.00	0.00	0.00
ENSG00000273325	ENSG00000273325	lncRNA	449.00	0.00	0.00
ENSG00000273342	ENSG00000273342	lncRNA	441.00	0.00	0.00
ENSG00000273343	ENSG00000273343	lncRNA	631.00	0.00	0.00
ENSG00000273350	ENSG00000273350	lncRNA	401.00	0.00	0.00
ENSG00000273353	ENSG00000273353	lncRNA	321.00	0.00	0.00
ENSG00000273362	ENSG00000273362	lncRNA	661.00	0.00	0.00
ENSG00000273387	ENSG00000273387	lncRNA	1410.00	0.00	0.00
ENSG00000273424	ENSG00000273424	lncRNA	442.00	0.00	0.00
ENSG00000273428	ENSG00000273428	lncRNA	1978.00	0.00	0.00
ENSG00000273442	ENSG00000273442	lncRNA	756.00	0.00	0.00
ENSG00000273643	PPP1R26P2	processed_pseudogene	3595.00	0.00	0.00
ENSG00000273846	Metazoa_SRP	misc_RNA	320.00	0.00	0.00
ENSG00000273866	Metazoa_SRP	misc_RNA	254.00	0.00	0.00
ENSG00000273899	NOL12	protein_coding	903.00	2.00	347.61
ENSG00000273907	CA15P2	unprocessed_pseudogene	834.00	0.00	0.00
ENSG00000273979	Metazoa_SRP	misc_RNA	271.00	0.00	0.00
ENSG00000274044	FAM230J	lncRNA	3575.00	1.00	36.24
ENSG00000274170	ENSG00000274170	misc_RNA	71.00	0.00	0.00
ENSG00000274252	GGTLC3	protein_coding	983.00	0.00	0.00
ENSG00000274280	MIR6069	miRNA	79.00	0.00	0.00
ENSG00000274342	ENSG00000274342	misc_RNA	181.00	0.00	0.00
ENSG00000274381	ENSG00000274381	unprocessed_pseudogene	285.00	0.00	0.00
ENSG00000274422	ENSG00000274422	lncRNA	3293.00	1.00	39.55
ENSG00000274552	MIR6889	miRNA	59.00	0.00	0.00
ENSG00000274600	RIMBP3B	protein_coding	5728.00	0.00	0.00
ENSG00000274602	PI4KAP1	transcribed_unprocessed_pseudogene	1703.00	0.00	0.00
ENSG00000274617	ENSG00000274617	misc_RNA	88.00	0.00	0.00
ENSG00000274625	ENSG00000274625	scaRNA	143.00	0.00	0.00
ENSG00000274717	ADAMTS7P5	processed_pseudogene	1596.00	0.00	0.00
ENSG00000275004	ZNF280B	protein_coding	4511.50	0.00	0.00
ENSG00000275060	PPP1R26P3	unprocessed_pseudogene	3800.00	0.00	0.00
ENSG00000275293	Metazoa_SRP	misc_RNA	320.00	0.00	0.00
ENSG00000275307	ENSG00000275307	misc_RNA	181.00	0.00	0.00
ENSG00000275319	Metazoa_SRP	misc_RNA	316.00	0.00	0.00
ENSG00000275361	ENSG00000275361	unprocessed_pseudogene	162.00	0.00	0.00
ENSG00000275362	Metazoa_SRP	misc_RNA	320.00	0.00	0.00
ENSG00000275609	ENSG00000275609	processed_pseudogene	210.00	0.00	0.00
ENSG00000275635	U7	snRNA	60.00	0.00	0.00
ENSG00000275656	ENSG00000275656	misc_RNA	88.00	0.00	0.00
ENSG00000275772	ENSG00000275772	processed_pseudogene	1006.00	0.00	0.00
ENSG00000275793	RIMBP3	protein_coding	6105.00	0.00	0.00
ENSG00000275818	MIR6818	miRNA	65.00	0.00	0.00
ENSG00000275840	Metazoa_SRP	misc_RNA	318.00	0.00	0.00
ENSG00000275942	ENSG00000275942	misc_RNA	85.00	0.00	0.00
ENSG00000276027	RNU12	snRNA	150.00	0.00	0.00
ENSG00000276057	ENSG00000276057	misc_RNA	87.00	0.00	0.00
ENSG00000276095	FAM230F	lncRNA	518.89	0.00	0.00
ENSG00000276138	U6	snRNA	107.00	0.00	0.00
ENSG00000276150	ENSG00000276150	misc_RNA	157.00	0.00	0.00
ENSG00000276160	GGTLC5P	unprocessed_pseudogene	998.00	0.00	0.00
ENSG00000276162	MIR5739	miRNA	80.00	0.00	0.00
ENSG00000276400	VN1R9P	transcribed_processed_pseudogene	867.00	0.00	0.00
ENSG00000276427	IGLL4P	transcribed_unprocessed_pseudogene	133.00	0.00	0.00
ENSG00000276664	ENSG00000276664	misc_RNA	145.00	0.00	0.00
ENSG00000276675	ENSG00000276675	misc_RNA	112.00	0.00	0.00
ENSG00000276753	MIR6821	miRNA	74.00	0.00	0.00
ENSG00000276800	Metazoa_SRP	misc_RNA	317.00	0.00	0.00
ENSG00000276871	5_8S_rRNA	rRNA	151.00	0.00	0.00
ENSG00000276874	ENSG00000276874	lncRNA	375.00	0.00	0.00
ENSG00000276950	GSTT4	protein_coding	964.00	0.00	0.00
ENSG00000276965	ENSG00000276965	misc_RNA	237.00	0.00	0.00
ENSG00000276991	ENSG00000276991	misc_RNA	377.00	0.00	0.00
ENSG00000277017	ENSG00000277017	lncRNA	597.50	0.00	0.00
ENSG00000277232	GTSE1-DT	lncRNA	1518.00	0.00	0.00
ENSG00000277248	U2	snRNA	113.00	0.00	0.00
ENSG00000277385	Metazoa_SRP	misc_RNA	262.00	0.00	0.00
ENSG00000277460	ENSG00000277460	misc_RNA	162.00	0.00	0.00
ENSG00000277690	ENSG00000277690	processed_pseudogene	470.00	0.00	0.00
ENSG00000277771	Metazoa_SRP	misc_RNA	265.00	0.00	0.00
ENSG00000277870	FAM230A	lncRNA	1264.00	0.00	0.00
ENSG00000277872	MIR6817	miRNA	66.00	0.00	0.00
ENSG00000277941	ENSG00000277941	misc_RNA	149.00	0.00	0.00
ENSG00000277950	Metazoa_SRP	misc_RNA	250.00	0.00	0.00
ENSG00000277971	ENSG00000277971	protein_coding	644.00	0.00	0.00
ENSG00000278008	PPP1R26P4	processed_pseudogene	3527.00	0.00	0.00
ENSG00000278044	FAM247B	lncRNA	1241.00	0.00	0.00
ENSG00000278110	SUSD2P2	unprocessed_pseudogene	758.00	0.00	0.00
ENSG00000278188	U6	snRNA	106.00	0.00	0.00
ENSG00000278195	SSTR3	protein_coding	3400.67	0.00	0.00
ENSG00000278196	IGLV2-8	IG_V_gene	517.00	0.00	0.00
ENSG00000278278	MIR6816	miRNA	66.00	0.00	0.00
ENSG00000278292	RFPL4AP6	transcribed_unprocessed_pseudogene	846.00	0.00	0.00
ENSG00000278404	ENSG00000278404	misc_RNA	135.00	0.00	0.00
ENSG00000278420	MIR6819	miRNA	61.00	0.00	0.00
ENSG00000278558	TMEM191B	protein_coding	1202.50	0.00	0.00
ENSG00000278655	ENSG00000278655	unprocessed_pseudogene	381.00	0.00	0.00
ENSG00000278657	ENSG00000278657	lncRNA	780.00	0.00	0.00
ENSG00000278667	ENSG00000278667	processed_pseudogene	366.00	0.00	0.00
ENSG00000278869	ENSG00000278869	lncRNA	2148.00	0.00	0.00
ENSG00000278881	ENSG00000278881	TEC	1378.00	0.00	0.00
ENSG00000278890	ENSG00000278890	lncRNA	5630.00	0.00	0.00
ENSG00000278920	ENSG00000278920	lncRNA	16698.00	1.00	7.42
ENSG00000278948	ENSG00000278948	TEC	1849.00	0.00	0.00
ENSG00000278960	ENSG00000278960	lncRNA	352.00	0.00	0.00
ENSG00000279006	ENSG00000279006	lncRNA	3000.00	0.00	0.00
ENSG00000279080	ENSG00000279080	lncRNA	20397.00	1.00	6.06
ENSG00000279085	ENSG00000279085	lncRNA	5388.00	0.00	0.00
ENSG00000279110	ENSG00000279110	lncRNA	13120.00	0.00	0.00
ENSG00000279175	ENSG00000279175	lncRNA	13454.00	1.09	10.09
ENSG00000279182	ENSG00000279182	lncRNA	991.00	0.00	0.00
ENSG00000279217	ENSG00000279217	lncRNA	14574.00	0.00	0.00
ENSG00000279278	ENSG00000279278	lncRNA	8420.00	0.00	0.00
ENSG00000279298	ENSG00000279298	lncRNA	1080.00	0.00	0.00
ENSG00000279345	ENSG00000279345	lncRNA	1757.00	0.00	0.00
ENSG00000279440	ENSG00000279440	lncRNA	5182.00	0.00	0.00
ENSG00000279442	ENSG00000279442	lncRNA	6179.00	1.00	20.46
ENSG00000279467	ENSG00000279467	lncRNA	8030.00	0.00	0.00
ENSG00000279494	ENSG00000279494	lncRNA	1940.00	0.00	0.00
ENSG00000279548	ENSG00000279548	lncRNA	2059.00	0.00	0.00
ENSG00000279597	ENSG00000279597	lncRNA	865.00	0.00	0.00
ENSG00000279642	ENSG00000279642	TEC	620.00	0.00	0.00
ENSG00000279652	ENSG00000279652	lncRNA	8149.00	0.00	0.00
ENSG00000279699	ENSG00000279699	TEC	1737.00	0.00	0.00
ENSG00000279712	ENSG00000279712	lncRNA	9537.00	0.00	0.00
ENSG00000279714	ENSG00000279714	lncRNA	2205.00	0.00	0.00
ENSG00000279738	ENSG00000279738	lncRNA	19416.00	2.10	13.35
ENSG00000279805	ENSG00000279805	TEC	1921.00	0.00	0.00
ENSG00000279833	ENSG00000279833	lncRNA	3671.00	0.00	0.00
ENSG00000279848	ENSG00000279848	lncRNA	1315.00	0.00	0.00
ENSG00000279914	ENSG00000279914	lncRNA	1298.00	0.00	0.00
ENSG00000279920	LINC01651	lncRNA	566.00	0.00	0.00
ENSG00000279927	ENSG00000279927	lncRNA	3578.00	0.00	0.00
ENSG00000279933	ENSG00000279933	TEC	4709.00	0.00	0.00
ENSG00000279954	ENSG00000279954	lncRNA	1668.50	0.00	0.00
ENSG00000279973	ENSG00000279973	lncRNA	438.00	0.00	0.00
ENSG00000280007	ENSG00000280007	lncRNA	20396.00	2.14	12.96
ENSG00000280011	ENSG00000280011	lncRNA	19071.00	0.00	0.00
ENSG00000280025	ENSG00000280025	lncRNA	4254.00	0.00	0.00
ENSG00000280080	TBC1D22A-AS1	lncRNA	1951.00	0.00	0.00
ENSG00000280199	ENSG00000280199	lncRNA	1880.00	0.00	0.00
ENSG00000280216	ENSG00000280216	TEC	406.00	0.00	0.00
ENSG00000280224	ENSG00000280224	lncRNA	1018.00	0.00	0.00
ENSG00000280263	ACTR3BP6	processed_pseudogene	1338.00	0.00	0.00
ENSG00000280312	ENSG00000280312	TEC	1642.00	0.00	0.00
ENSG00000280341	ENSG00000280341	lncRNA	6114.00	0.00	0.00
ENSG00000280356	ENSG00000280356	lncRNA	5739.00	0.00	0.00
ENSG00000280383	ENSG00000280383	lncRNA	23112.00	1.02	5.46
ENSG00000280384	ENSG00000280384	lncRNA	2045.00	1.00	66.28
ENSG00000280395	ENSG00000280395	lncRNA	3693.00	0.00	0.00
ENSG00000280418	ENSG00000280418	lncRNA	4035.00	0.00	0.00
ENSG00000280424	ENSG00000280424	TEC	4162.00	0.00	0.00
ENSG00000280434	ENSG00000280434	lncRNA	14262.00	1.00	8.70
ENSG00000280445	ENSG00000280445	lncRNA	965.00	0.00	0.00
ENSG00000280623	PCAT14	lncRNA	1996.00	0.00	0.00
ENSG00000280968	ENSG00000280968	miRNA	110.00	0.00	0.00
ENSG00000281295	ENSG00000281295	snoRNA	137.00	0.00	0.00
ENSG00000281530	ENSG00000281530	lncRNA	803.00	0.00	0.00
ENSG00000281538	ENSG00000281538	lncRNA	631.00	0.00	0.00
ENSG00000281548	LINC00895	lncRNA	1373.50	0.00	0.00
ENSG00000281732	ENSG00000281732	lncRNA	891.50	0.00	0.00
ENSG00000282012	ENSG00000282012	lncRNA	627.00	0.00	0.00
ENSG00000282041	ENSG00000282041	lncRNA	840.00	0.00	0.00
ENSG00000282602	ENSG00000282602	lncRNA	448.00	0.00	0.00
ENSG00000282816	ENSG00000282816	lncRNA	343.00	0.00	0.00
ENSG00000283023	FRG1GP	transcribed_unprocessed_pseudogene	774.00	0.00	0.00
ENSG00000283047	FRG1FP	transcribed_unprocessed_pseudogene	749.00	0.00	0.00
ENSG00000283145	ENSG00000283145	transcribed_unprocessed_pseudogene	379.00	0.00	0.00
ENSG00000283225	MIR3199-2	miRNA	86.00	0.00	0.00
ENSG00000283366	ENSG00000283366	transcribed_unprocessed_pseudogene	154.00	0.00	0.00
ENSG00000283438	Metazoa_SRP	misc_RNA	276.00	0.00	0.00
ENSG00000283535	ENSG00000283535	transcribed_unprocessed_pseudogene	555.00	0.00	0.00
ENSG00000283583	ENSG00000283583	unprocessed_pseudogene	176.00	0.00	0.00
ENSG00000283809	ENSG00000283809	protein_coding	1669.00	0.00	0.00
ENSG00000283829	MIR378I	miRNA	76.00	0.00	0.00
ENSG00000283871	MIR130B	miRNA	82.00	0.00	0.00
ENSG00000283900	TPTEP2-CSNK1E	protein_coding	1770.00	0.00	0.00
ENSG00000283972	FAM247A	transcribed_unprocessed_pseudogene	178.00	0.00	0.00
ENSG00000283990	MIRLET7A3	miRNA	74.00	0.00	0.00
ENSG00000284015	MIR1281	miRNA	54.00	0.00	0.00
ENSG00000284031	MIR4761	miRNA	82.00	0.00	0.00
ENSG00000284049	MIR650	miRNA	96.00	0.00	0.00
ENSG00000284060	ENSG00000284060	transcribed_unprocessed_pseudogene	958.00	0.00	0.00
ENSG00000284070	ENSG00000284070	lncRNA	4634.00	0.00	0.00
ENSG00000284082	MIR7109	miRNA	65.00	0.00	0.00
ENSG00000284128	BCRP3	transcribed_unprocessed_pseudogene	753.00	0.00	0.00
ENSG00000284130	TUBA3FP	protein_coding	1826.00	0.00	0.00
ENSG00000284140	MIR3618	miRNA	88.00	0.00	0.00
ENSG00000284175	MIR4763	miRNA	92.00	0.00	0.00
ENSG00000284194	SCO2	protein_coding	1127.38	0.00	0.00
ENSG00000284197	MIR658	miRNA	100.00	0.00	0.00
ENSG00000284233	ENSG00000284233	transcribed_unprocessed_pseudogene	172.00	0.00	0.00
ENSG00000284266	MIR4534	miRNA	60.00	0.00	0.00
ENSG00000284289	MIR6820	miRNA	62.00	0.00	0.00
ENSG00000284294	ENSG00000284294	lncRNA	1382.00	0.00	0.00
ENSG00000284431	ENSG00000284431	protein_coding	4563.00	0.00	0.00
ENSG00000284464	MIR1306	miRNA	85.00	0.00	0.00
ENSG00000284520	MIRLET7B	miRNA	83.00	0.00	0.00
ENSG00000284554	ENSG00000284554	protein_coding	2121.00	3.78	240.85
ENSG00000284621	ENSG00000284621	transcribed_unitary_pseudogene	71.00	0.00	0.00
ENSG00000284630	ENSG00000284630	transcribed_unitary_pseudogene	471.00	0.00	0.00
ENSG00000284633	ENSG00000284633	lncRNA	2271.50	0.00	0.00
ENSG00000284651	ENSG00000284651	unitary_pseudogene	54.00	0.00	0.00
ENSG00000284654	ENSG00000284654	unitary_pseudogene	118.00	0.00	0.00
ENSG00000284665	ENSG00000284665	unprocessed_pseudogene	272.00	0.00	0.00
ENSG00000284874	ENSG00000284874	protein_coding	4113.00	0.00	0.00
ENSG00000285025	MIURF	protein_coding	213.00	0.00	0.00
ENSG00000285045	ENSG00000285045	unprocessed_pseudogene	852.00	0.00	0.00
ENSG00000285304	ENSG00000285304	protein_coding	3123.00	4.00	167.38
ENSG00000285314	ENSG00000285314	lncRNA	3442.00	0.00	0.00
ENSG00000285404	ENSG00000285404	protein_coding	1914.00	0.00	0.00
ENSG00000285531	ENSG00000285531	processed_pseudogene	381.00	1.00	672.29
ENSG00000285623	ENSG00000285623	lncRNA	988.00	0.00	0.00
ENSG00000285690	ENSG00000285690	transcribed_unprocessed_pseudogene	190.00	0.00	0.00
ENSG00000285697	ENSG00000285697	transcribed_unprocessed_pseudogene	303.00	0.00	0.00
ENSG00000285707	ENSG00000285707	lncRNA	2516.00	0.00	0.00
ENSG00000285722	ENSG00000285722	lncRNA	1737.00	0.00	0.00
ENSG00000285855	ENSG00000285855	lncRNA	784.00	0.00	0.00
ENSG00000285968	ENSG00000285968	lncRNA	909.50	0.00	0.00
ENSG00000286025	FAM246C	protein_coding	1437.00	0.00	0.00
ENSG00000286070	ENSG00000286070	protein_coding	2834.00	0.00	0.00
ENSG00000286102	FAM246A	protein_coding	699.00	0.00	0.00
ENSG00000286127	ENSG00000286127	lncRNA	1138.00	0.00	0.00
ENSG00000286129	ENSG00000286129	lncRNA	2895.00	0.00	0.00
ENSG00000286144	ENSG00000286144	lncRNA	932.50	0.00	0.00
ENSG00000286175	FAM246B	protein_coding	699.00	0.00	0.00
ENSG00000286195	ENSG00000286195	lncRNA	1010.00	0.00	0.00
ENSG00000286326	ENSG00000286326	lncRNA	1138.50	0.00	0.00
ENSG00000286365	ENSG00000286365	lncRNA	968.00	0.00	0.00
ENSG00000286367	ENSG00000286367	lncRNA	964.00	0.00	0.00
ENSG00000286381	NHIP	lncRNA	3805.00	0.00	0.00
ENSG00000286393	ENSG00000286393	lncRNA	1837.00	0.00	0.00
ENSG00000286406	ENSG00000286406	transcribed_unprocessed_pseudogene	2954.00	0.00	0.00
ENSG00000286440	ENSG00000286440	lncRNA	620.00	0.00	0.00
ENSG00000286485	ENSG00000286485	lncRNA	2118.00	0.00	0.00
ENSG00000286491	ENSG00000286491	lncRNA	461.00	0.00	0.00
ENSG00000286508	ENSG00000286508	lncRNA	788.00	0.00	0.00
ENSG00000286592	LINC02885	lncRNA	1298.25	0.00	0.00
ENSG00000286659	ENSG00000286659	lncRNA	540.00	0.00	0.00
ENSG00000286801	ENSG00000286801	lncRNA	1694.00	0.00	0.00
ENSG00000286990	ENSG00000286990	lncRNA	991.00	0.00	0.00
ENSG00000287034	ENSG00000287034	lncRNA	618.00	0.00	0.00
ENSG00000287146	ENSG00000287146	lncRNA	866.00	0.00	0.00
ENSG00000287219	ENSG00000287219	lncRNA	485.00	0.00	0.00
ENSG00000287225	ENSG00000287225	lncRNA	1443.00	0.00	0.00
ENSG00000287236	ENSG00000287236	lncRNA	1204.00	0.00	0.00
ENSG00000287269	ENSG00000287269	lncRNA	1205.00	0.00	0.00
ENSG00000287285	ENSG00000287285	lncRNA	774.00	0.00	0.00
ENSG00000287652	ENSG00000287652	lncRNA	436.50	0.00	0.00
ENSG00000287773	ENSG00000287773	lncRNA	732.00	0.00	0.00
ENSG00000287817	ENSG00000287817	lncRNA	873.00	0.00	0.00
ENSG00000287864	ENSG00000287864	lncRNA	967.00	0.00	0.00
ENSG00000287967	ENSG00000287967	lncRNA	777.00	2.28	483.63
ENSG00000288024	ENSG00000288024	lncRNA	1005.00	0.00	0.00
ENSG00000288106	ENSG00000288106	lncRNA	1714.75	0.00	0.00
ENSG00000288153	ENSG00000288153	unprocessed_pseudogene	335.00	0.00	0.00
ENSG00000288262	ZNF73P	unprocessed_pseudogene	2720.00	0.00	0.00
ENSG00000288540	ENSG00000288540	lncRNA	2525.00	0.00	0.00
ENSG00000288683	ENSG00000288683	protein_coding	2885.00	0.00	0.00
ENSG00000288719	ENSG00000288719	lncRNA	4252.00	0.00	0.00
ENSG00000288777	ENSG00000288777	lncRNA	923.00	0.00	0.00
ENSG00000288778	ENSG00000288778	lncRNA	1141.00	0.00	0.00
ENSG00000288811	ENSG00000288811	lncRNA	1209.00	0.00	0.00
ENSG00000288834	ENSG00000288834	lncRNA	609.67	0.00	0.00
ENSG00000288861	ENSG00000288861	lncRNA	704.00	0.00	0.00
ENSG00000288871	ENSG00000288871	lncRNA	1936.00	0.00	0.00
ENSG00000289044	ENSG00000289044	lncRNA	1056.00	0.00	0.00
ENSG00000289120	ENSG00000289120	lncRNA	726.75	0.00	0.00
ENSG00000289244	ENSG00000289244	lncRNA	855.50	0.00	0.00
ENSG00000289292	ENSG00000289292	lncRNA	958.75	0.00	0.00
ENSG00000289481	ENSG00000289481	lncRNA	881.00	0.00	0.00
ENSG00000289489	ENSG00000289489	lncRNA	1061.00	0.00	0.00
ENSG00000289517	ENSG00000289517	protein_coding	4525.00	0.00	0.00
ENSG00000289564	ENSG00000289564	lncRNA	1188.00	0.00	0.00
ENSG00000289841	ENSG00000289841	lncRNA	815.00	0.00	0.00
ENSG00000289846	ENSG00000289846	lncRNA	396.00	0.00	0.00
ENSG00000289858	ENSG00000289858	lncRNA	1804.00	0.00	0.00
ENSG00000289873	ENSG00000289873	lncRNA	864.00	0.00	0.00
ENSG00000289888	ENSG00000289888	lncRNA	993.00	0.00	0.00
ENSG00000289946	ENSG00000289946	lncRNA	541.00	0.00	0.00
ENSG00000289947	ENSG00000289947	lncRNA	357.00	0.00	0.00
ENSG00000289960	ENSG00000289960	lncRNA	825.25	0.00	0.00
ENSG00000289963	ENSG00000289963	lncRNA	1370.00	3.00	313.47
ENSG00000290199	ENSG00000290199	lncRNA	1210.50	0.00	0.00
ENSG00000290397	ENSG00000290397	lncRNA	2860.00	1.00	45.98
ENSG00000290408	HSFY1P1	lncRNA	1097.50	0.00	0.00
ENSG00000290415	ENSG00000290415	lncRNA	906.00	0.00	0.00
ENSG00000290416	ENSG00000290416	lncRNA	1148.00	0.00	0.00
ENSG00000290418	TPTEP1	lncRNA	1958.11	0.00	0.00
ENSG00000290425	PI4KAP1	lncRNA	1251.71	0.00	0.00
ENSG00000290475	AP1B1P1	lncRNA	1298.00	0.00	0.00
ENSG00000290696	POM121L9P	lncRNA	3687.50	0.00	0.00
ENSG00000290711	ENSG00000290711	lncRNA	1906.17	0.00	0.00
ENSG00000290778	ENSG00000290778	lncRNA	1656.00	0.00	0.00
ENSG00000290796	ENSG00000290796	lncRNA	1233.40	0.00	0.00
ENSG00000290799	ENSG00000290799	lncRNA	836.00	0.00	0.00
ENSG00000290847	PRAMENP	lncRNA	3038.00	0.00	0.00
ENSG00000290920	ENSG00000290920	lncRNA	2336.75	0.00	0.00
ENSG00000290922	ENSG00000290922	lncRNA	1015.00	0.00	0.00
ENSG00000290931	ENSG00000290931	lncRNA	2283.00	1.00	58.71
ENSG00000290950	ENSG00000290950	lncRNA	1296.86	0.00	0.00
ENSG00000290961	FAM247A	lncRNA	1353.00	0.00	0.00
ENSG00000290981	ENSG00000290981	lncRNA	1539.20	0.00	0.00
ENSG00000290982	ENSG00000290982	lncRNA	1287.00	0.00	0.00
ENSG00000290983	ENSG00000290983	lncRNA	2076.25	0.00	0.00
ENSG00000290990	ENSG00000290990	lncRNA	1760.67	0.00	0.00
ENSG00000291015	ENSG00000291015	lncRNA	784.50	0.00	0.00
ENSG00000291035	RRP7BP	lncRNA	1731.73	0.00	0.00
ENSG00000291044	ENSG00000291044	lncRNA	1398.12	0.00	0.00
ENSG00000291064	ENSG00000291064	lncRNA	1118.56	0.00	0.00
ENSG00000291085	TMEM191A	lncRNA	1272.65	2.00	227.93
ENSG00000291087	CRYBB2P1	lncRNA	1172.58	0.00	0.00
ENSG00000291240	ENSG00000291240	protein_coding	3367.00	0.00	0.00
ENSG00000293159	POM121L15P	lncRNA	3205.00	0.00	0.00
ENSG00000293202	ENSG00000293202	lncRNA	1205.00	3.14	382.29
ENSG00000293220	LINC01399	lncRNA	720.33	0.00	0.00
ENSG00000293370	ENSG00000293370	lncRNA	925.00	0.00	0.00
ENSG00000293427	ENSG00000293427	lncRNA	1353.33	0.00	0.00
ENSG00000293428	C22orf46P	lncRNA	5014.00	0.00	0.00
ENSG00000293485	SERHL	lncRNA	1242.62	0.00	0.00
ENSG00000293594	ENSG00000293594	transcribed_processed_pseudogene	75.00	0.00	0.00
ENSG00000293718	ENSG00000293718	lncRNA	651.00	0.00	0.00
ENSG00000293744	ENSG00000293744	lncRNA	191.00	0.00	0.00
ENSG00000293884	ENSG00000293884	lncRNA	1269.00	0.00	0.00
ENSG00000294008	ENSG00000294008	lncRNA	2117.00	3.00	191.38
ENSG00000294022	ENSG00000294022	lncRNA	387.00	0.00	0.00
ENSG00000294058	ENSG00000294058	lncRNA	433.00	0.00	0.00
ENSG00000294146	ENSG00000294146	lncRNA	722.00	0.00	0.00
ENSG00000294313	ENSG00000294313	lncRNA	1737.00	0.00	0.00
ENSG00000294355	ENSG00000294355	lncRNA	1055.00	0.00	0.00
ENSG00000294412	ENSG00000294412	lncRNA	676.00	0.00	0.00
ENSG00000294461	ENSG00000294461	lncRNA	767.50	0.00	0.00
ENSG00000294472	ENSG00000294472	lncRNA	450.00	0.00	0.00
ENSG00000294480	ENSG00000294480	lncRNA	1067.00	0.00	0.00
ENSG00000294483	ENSG00000294483	lncRNA	517.00	0.00	0.00
ENSG00000294512	ENSG00000294512	lncRNA	833.00	86.00	16597.36
ENSG00000294541	ENSG00000294541	lncRNA	419.00	0.00	0.00
ENSG00000294602	ENSG00000294602	lncRNA	442.00	0.00	0.00
ENSG00000294606	ENSG00000294606	lncRNA	256.00	0.00	0.00
ENSG00000294629	ENSG00000294629	lncRNA	414.00	0.00	0.00
ENSG00000294751	ENSG00000294751	lncRNA	784.00	3.58	747.74
ENSG00000294819	ENSG00000294819	lncRNA	405.00	0.00	0.00
ENSG00000294928	ENSG00000294928	lncRNA	310.00	0.00	0.00
ENSG00000294968	ENSG00000294968	lncRNA	791.50	0.00	0.00
ENSG00000295055	ENSG00000295055	lncRNA	617.50	0.00	0.00
ENSG00000295065	ENSG00000295065	lncRNA	1064.50	0.00	0.00
ENSG00000295071	ENSG00000295071	lncRNA	713.00	0.00	0.00
ENSG00000295080	ENSG00000295080	lncRNA	470.00	1.00	451.50
ENSG00000295107	ENSG00000295107	lncRNA	673.00	0.00	0.00
ENSG00000295282	ENSG00000295282	lncRNA	251.00	0.00	0.00
ENSG00000295360	ENSG00000295360	lncRNA	686.00	0.00	0.00
ENSG00000295361	ENSG00000295361	lncRNA	677.00	0.00	0.00
ENSG00000295393	ENSG00000295393	lncRNA	1358.00	0.00	0.00
ENSG00000295412	ENSG00000295412	lncRNA	661.00	0.00	0.00
ENSG00000295434	ENSG00000295434	lncRNA	352.00	0.00	0.00
ENSG00000295452	ENSG00000295452	lncRNA	862.00	0.00	0.00
ENSG00000295474	ENSG00000295474	lncRNA	962.00	0.00	0.00
ENSG00000295501	ENSG00000295501	lncRNA	1262.00	0.00	0.00
ENSG00000295601	ENSG00000295601	lncRNA	801.00	0.00	0.00
ENSG00000295622	ENSG00000295622	lncRNA	693.00	0.00	0.00
ENSG00000295759	ENSG00000295759	lncRNA	832.00	0.00	0.00
ENSG00000295778	ENSG00000295778	lncRNA	762.00	0.00	0.00
ENSG00000295854	ENSG00000295854	lncRNA	872.00	0.00	0.00
ENSG00000295865	ENSG00000295865	lncRNA	1413.00	0.00	0.00
ENSG00000295876	ENSG00000295876	lncRNA	647.00	0.00	0.00
ENSG00000295890	ENSG00000295890	lncRNA	266.00	0.00	0.00
ENSG00000296052	ENSG00000296052	lncRNA	1130.00	0.00	0.00
ENSG00000296155	ENSG00000296155	lncRNA	773.00	0.00	0.00
ENSG00000296191	ENSG00000296191	lncRNA	348.00	0.00	0.00
ENSG00000296232	ENSG00000296232	lncRNA	619.00	0.00	0.00
ENSG00000296310	ENSG00000296310	lncRNA	316.00	0.00	0.00
ENSG00000296451	ENSG00000296451	lncRNA	801.00	0.00	0.00
ENSG00000296466	ENSG00000296466	lncRNA	901.00	0.00	0.00
ENSG00000296469	ENSG00000296469	lncRNA	593.50	0.00	0.00
ENSG00000296570	ENSG00000296570	lncRNA	659.00	0.00	0.00
ENSG00000296627	ENSG00000296627	lncRNA	1654.00	0.00	0.00
ENSG00000296654	ENSG00000296654	lncRNA	448.00	0.00	0.00
ENSG00000296723	ENSG00000296723	lncRNA	389.00	0.00	0.00
ENSG00000296742	ENSG00000296742	lncRNA	456.00	0.00	0.00
ENSG00000296781	ENSG00000296781	lncRNA	705.00	0.00	0.00
ENSG00000296814	ENSG00000296814	lncRNA	488.00	0.69	290.08
ENSG00000296820	ENSG00000296820	lncRNA	681.00	0.00	0.00
ENSG00000296836	ENSG00000296836	lncRNA	772.00	0.00	0.00
ENSG00000296842	ENSG00000296842	lncRNA	689.00	0.00	0.00
ENSG00000296914	ENSG00000296914	lncRNA	544.00	0.00	0.00
ENSG00000297074	ENSG00000297074	lncRNA	798.00	0.00	0.00
ENSG00000297138	ENSG00000297138	lncRNA	928.00	0.00	0.00
ENSG00000297155	ENSG00000297155	lncRNA	1026.00	0.00	0.00
ENSG00000297177	ENSG00000297177	lncRNA	539.00	0.00	0.00
ENSG00000297194	ENSG00000297194	lncRNA	814.00	0.00	0.00
ENSG00000297197	ENSG00000297197	lncRNA	1088.00	0.00	0.00
ENSG00000297273	ENSG00000297273	lncRNA	453.00	0.00	0.00
ENSG00000297345	ENSG00000297345	lncRNA	583.00	0.00	0.00
ENSG00000297505	ENSG00000297505	lncRNA	734.00	0.00	0.00
ENSG00000297508	ENSG00000297508	lncRNA	753.00	0.00	0.00
ENSG00000297546	ENSG00000297546	lncRNA	249.00	0.00	0.00
ENSG00000297571	ENSG00000297571	lncRNA	804.00	0.00	0.00
ENSG00000297590	ENSG00000297590	lncRNA	501.00	0.00	0.00
ENSG00000297713	ENSG00000297713	lncRNA	1232.00	0.00	0.00
ENSG00000297738	ENSG00000297738	lncRNA	395.00	0.00	0.00
ENSG00000297748	ENSG00000297748	lncRNA	713.00	0.00	0.00
ENSG00000297762	ENSG00000297762	lncRNA	716.00	0.00	0.00
ENSG00000297777	ENSG00000297777	lncRNA	314.00	0.00	0.00
ENSG00000297861	ENSG00000297861	lncRNA	234.00	0.00	0.00
ENSG00000297903	ENSG00000297903	lncRNA	533.00	0.00	0.00
ENSG00000297940	ENSG00000297940	lncRNA	600.00	0.00	0.00
ENSG00000298026	ENSG00000298026	lncRNA	649.00	0.00	0.00
ENSG00000298045	ENSG00000298045	lncRNA	926.00	0.00	0.00
ENSG00000298068	ENSG00000298068	lncRNA	682.00	0.00	0.00
ENSG00000298102	ENSG00000298102	lncRNA	1006.00	0.00	0.00
ENSG00000298130	ENSG00000298130	lncRNA	395.00	0.00	0.00
ENSG00000298191	ENSG00000298191	lncRNA	471.00	0.00	0.00
ENSG00000298208	ENSG00000298208	lncRNA	508.00	0.00	0.00
ENSG00000298261	ENSG00000298261	lncRNA	453.00	0.00	0.00
ENSG00000298301	ENSG00000298301	lncRNA	792.00	0.00	0.00
ENSG00000298316	ENSG00000298316	lncRNA	940.50	0.00	0.00
ENSG00000298334	ENSG00000298334	lncRNA	977.00	0.00	0.00
ENSG00000298339	ENSG00000298339	lncRNA	813.00	0.00	0.00
ENSG00000298378	ENSG00000298378	lncRNA	501.00	0.00	0.00
ENSG00000298407	ENSG00000298407	lncRNA	399.00	0.00	0.00
ENSG00000298470	ENSG00000298470	lncRNA	687.67	0.00	0.00
ENSG00000298484	ENSG00000298484	lncRNA	1106.67	0.00	0.00
ENSG00000298486	ENSG00000298486	lncRNA	947.00	0.00	0.00
ENSG00000298513	ENSG00000298513	lncRNA	672.00	0.00	0.00
ENSG00000298537	ENSG00000298537	lncRNA	388.00	0.00	0.00
ENSG00000298545	ENSG00000298545	lncRNA	570.00	1.64	542.14
ENSG00000298609	ENSG00000298609	lncRNA	1605.00	0.00	0.00
ENSG00000298663	ENSG00000298663	lncRNA	818.00	0.00	0.00
ENSG00000298665	ENSG00000298665	lncRNA	1448.00	0.00	0.00
ENSG00000298701	ENSG00000298701	lncRNA	818.00	0.00	0.00
ENSG00000298703	ENSG00000298703	lncRNA	1035.00	0.00	0.00
ENSG00000298726	ENSG00000298726	lncRNA	1405.00	0.00	0.00
ENSG00000298743	ENSG00000298743	lncRNA	666.00	0.00	0.00
ENSG00000298759	ENSG00000298759	lncRNA	1482.00	0.00	0.00
ENSG00000298765	ENSG00000298765	lncRNA	891.00	0.00	0.00
ENSG00000298810	ENSG00000298810	lncRNA	1109.00	0.00	0.00
ENSG00000298832	ENSG00000298832	lncRNA	1343.00	0.00	0.00
ENSG00000298965	ENSG00000298965	lncRNA	1580.00	0.00	0.00
ENSG00000299016	ENSG00000299016	lncRNA	335.00	0.00	0.00
ENSG00000299076	ENSG00000299076	lncRNA	387.00	0.00	0.00
ENSG00000299103	ENSG00000299103	lncRNA	283.00	0.00	0.00
ENSG00000299104	ENSG00000299104	lncRNA	1077.00	0.00	0.00
ENSG00000299123	ENSG00000299123	lncRNA	800.00	0.00	0.00
ENSG00000299144	ENSG00000299144	lncRNA	1452.00	0.00	0.00
ENSG00000299145	ENSG00000299145	lncRNA	805.00	0.00	0.00
ENSG00000299161	ENSG00000299161	lncRNA	569.00	0.00	0.00
ENSG00000299199	ENSG00000299199	lncRNA	1018.00	1.00	149.40
ENSG00000299223	ENSG00000299223	lncRNA	1570.00	0.00	0.00
ENSG00000299267	ENSG00000299267	lncRNA	577.00	0.00	0.00
ENSG00000299465	ENSG00000299465	lncRNA	310.00	0.00	0.00
ENSG00000299489	ENSG00000299489	lncRNA	693.00	0.00	0.00
ENSG00000299503	ENSG00000299503	lncRNA	1288.00	0.00	0.00
ENSG00000299520	ENSG00000299520	lncRNA	345.00	0.00	0.00
ENSG00000299567	ENSG00000299567	lncRNA	373.00	0.00	0.00
ENSG00000299581	ENSG00000299581	lncRNA	1422.00	0.00	0.00
ENSG00000299619	ENSG00000299619	lncRNA	405.00	0.00	0.00
ENSG00000299733	ENSG00000299733	lncRNA	1273.00	0.00	0.00
ENSG00000299757	ENSG00000299757	lncRNA	515.50	0.00	0.00
ENSG00000299773	ENSG00000299773	lncRNA	1543.00	38.12	3470.59
ENSG00000299784	ENSG00000299784	lncRNA	771.00	0.00	0.00
ENSG00000299801	ENSG00000299801	lncRNA	335.00	0.00	0.00
ENSG00000299803	ENSG00000299803	lncRNA	404.00	0.00	0.00
ENSG00000299904	ENSG00000299904	lncRNA	518.00	0.00	0.00
ENSG00000299949	ENSG00000299949	lncRNA	630.00	0.00	0.00
ENSG00000300120	ENSG00000300120	lncRNA	399.00	0.00	0.00
ENSG00000300150	ENSG00000300150	lncRNA	1341.40	0.00	0.00
ENSG00000300169	ENSG00000300169	lncRNA	907.00	0.00	0.00
ENSG00000300174	ENSG00000300174	lncRNA	981.00	0.00	0.00
ENSG00000300226	ENSG00000300226	lncRNA	1313.00	0.00	0.00
ENSG00000300291	ENSG00000300291	lncRNA	377.00	0.00	0.00
ENSG00000300440	ENSG00000300440	lncRNA	406.00	0.00	0.00
ENSG00000300451	ENSG00000300451	lncRNA	652.00	0.00	0.00
ENSG00000300548	ENSG00000300548	lncRNA	1621.00	0.00	0.00
ENSG00000300623	ENSG00000300623	lncRNA	285.00	0.00	0.00
ENSG00000300687	ENSG00000300687	lncRNA	636.50	0.00	0.00
ENSG00000300724	ENSG00000300724	lncRNA	500.00	0.00	0.00
ENSG00000300754	ENSG00000300754	lncRNA	1061.00	0.00	0.00
ENSG00000300892	ENSG00000300892	lncRNA	353.00	0.00	0.00
ENSG00000300936	ENSG00000300936	lncRNA	523.00	0.00	0.00
ENSG00000300957	ENSG00000300957	lncRNA	737.00	0.00	0.00
ENSG00000300959	ENSG00000300959	lncRNA	741.00	0.00	0.00
ENSG00000300982	ENSG00000300982	lncRNA	772.00	0.00	0.00
ENSG00000300998	ENSG00000300998	lncRNA	643.00	0.00	0.00
ENSG00000301075	ENSG00000301075	lncRNA	333.00	0.00	0.00
ENSG00000301306	ENSG00000301306	lncRNA	765.00	0.00	0.00
ENSG00000301322	ENSG00000301322	lncRNA	440.00	0.00	0.00
ENSG00000301328	ENSG00000301328	lncRNA	485.00	0.00	0.00
ENSG00000301405	ENSG00000301405	lncRNA	385.00	0.00	0.00
ENSG00000301473	ENSG00000301473	lncRNA	583.00	0.00	0.00
ENSG00000301496	ENSG00000301496	lncRNA	370.00	0.00	0.00
ENSG00000301505	ENSG00000301505	lncRNA	973.50	0.00	0.00
ENSG00000301540	ENSG00000301540	lncRNA	797.00	0.00	0.00
ENSG00000301561	ENSG00000301561	lncRNA	509.00	0.00	0.00
ENSG00000301612	ENSG00000301612	lncRNA	1061.00	0.00	0.00
ENSG00000301723	ENSG00000301723	lncRNA	639.00	0.00	0.00
ENSG00000301739	ENSG00000301739	lncRNA	773.00	0.00	0.00
ENSG00000301754	ENSG00000301754	lncRNA	795.00	0.00	0.00
ENSG00000301767	ENSG00000301767	lncRNA	700.00	0.00	0.00
ENSG00000301876	ENSG00000301876	lncRNA	895.00	0.00	0.00
ENSG00000302054	ENSG00000302054	lncRNA	288.00	0.00	0.00
ENSG00000302057	ENSG00000302057	lncRNA	530.00	0.00	0.00
ENSG00000302076	ENSG00000302076	lncRNA	867.00	0.00	0.00
ENSG00000302134	ENSG00000302134	lncRNA	452.00	0.00	0.00
ENSG00000302270	ENSG00000302270	lncRNA	501.00	0.00	0.00
ENSG00000302395	ENSG00000302395	lncRNA	703.00	0.00	0.00
ENSG00000302501	ENSG00000302501	lncRNA	610.00	0.00	0.00
ENSG00000302582	ENSG00000302582	lncRNA	645.00	0.00	0.00
ENSG00000302604	ENSG00000302604	lncRNA	973.00	0.00	0.00
ENSG00000302643	ENSG00000302643	lncRNA	706.00	0.00	0.00
ENSG00000302720	ENSG00000302720	lncRNA	357.00	0.00	0.00
ENSG00000302740	ENSG00000302740	lncRNA	473.00	0.00	0.00
ENSG00000302749	ENSG00000302749	lncRNA	776.50	0.00	0.00
ENSG00000302840	ENSG00000302840	lncRNA	630.00	0.00	0.00
ENSG00000302854	ENSG00000302854	lncRNA	270.00	0.00	0.00
ENSG00000302858	ENSG00000302858	lncRNA	1088.00	0.00	0.00
ENSG00000302882	ENSG00000302882	lncRNA	461.00	0.00	0.00
ENSG00000302971	ENSG00000302971	lncRNA	429.00	0.00	0.00
ENSG00000302993	ENSG00000302993	lncRNA	1078.00	0.00	0.00
ENSG00000303017	ENSG00000303017	lncRNA	369.50	0.00	0.00
ENSG00000303026	ENSG00000303026	lncRNA	344.00	0.00	0.00
ENSG00000303069	ENSG00000303069	lncRNA	1053.00	0.00	0.00
ENSG00000303129	ENSG00000303129	lncRNA	633.33	0.00	0.00
ENSG00000303151	ENSG00000303151	lncRNA	790.00	0.00	0.00
ENSG00000303177	ENSG00000303177	lncRNA	1105.00	0.00	0.00
ENSG00000303189	ENSG00000303189	lncRNA	382.00	0.00	0.00
ENSG00000303205	ENSG00000303205	lncRNA	1313.80	0.00	0.00
ENSG00000303227	ENSG00000303227	lncRNA	1711.00	0.00	0.00
ENSG00000303430	ENSG00000303430	lncRNA	595.33	0.00	0.00
ENSG00000303445	ENSG00000303445	lncRNA	633.00	0.00	0.00
ENSG00000303454	ENSG00000303454	lncRNA	771.50	0.00	0.00
ENSG00000303492	ENSG00000303492	lncRNA	1032.00	0.00	0.00
ENSG00000303516	ENSG00000303516	lncRNA	697.00	0.00	0.00
ENSG00000303537	ENSG00000303537	lncRNA	402.00	0.00	0.00
ENSG00000303605	ENSG00000303605	lncRNA	1289.50	0.00	0.00
ENSG00000303612	ENSG00000303612	lncRNA	447.00	0.00	0.00
ENSG00000303883	ENSG00000303883	lncRNA	538.00	0.00	0.00
ENSG00000303940	ENSG00000303940	lncRNA	1391.00	0.00	0.00
ENSG00000303951	ENSG00000303951	lncRNA	556.00	0.00	0.00
ENSG00000304008	ENSG00000304008	lncRNA	790.00	0.00	0.00
ENSG00000304026	ENSG00000304026	lncRNA	441.00	0.00	0.00
ENSG00000304096	ENSG00000304096	lncRNA	1407.00	0.00	0.00
ENSG00000304254	ENSG00000304254	lncRNA	791.20	0.00	0.00
ENSG00000304282	ENSG00000304282	lncRNA	817.67	0.00	0.00
ENSG00000304318	ENSG00000304318	lncRNA	843.00	0.00	0.00
ENSG00000304364	ENSG00000304364	lncRNA	524.00	0.00	0.00
ENSG00000304386	ENSG00000304386	lncRNA	1272.00	0.00	0.00
ENSG00000304411	ENSG00000304411	lncRNA	545.00	0.00	0.00
ENSG00000304424	ENSG00000304424	lncRNA	703.00	0.00	0.00
ENSG00000304445	ENSG00000304445	lncRNA	777.00	0.00	0.00
ENSG00000304449	ENSG00000304449	lncRNA	1364.00	0.00	0.00
ENSG00000304470	ENSG00000304470	lncRNA	546.00	0.00	0.00
ENSG00000304489	ENSG00000304489	lncRNA	301.00	0.00	0.00
ENSG00000304491	ENSG00000304491	lncRNA	847.00	0.00	0.00
ENSG00000304686	ENSG00000304686	lncRNA	639.00	0.00	0.00
ENSG00000304876	ENSG00000304876	lncRNA	946.00	0.00	0.00
ENSG00000304926	ENSG00000304926	lncRNA	438.00	0.00	0.00
ENSG00000304944	ENSG00000304944	lncRNA	394.00	0.00	0.00
ENSG00000305190	ENSG00000305190	lncRNA	687.00	0.00	0.00
ENSG00000305206	ENSG00000305206	lncRNA	400.00	0.00	0.00
ENSG00000305333	ENSG00000305333	lncRNA	621.00	0.00	0.00
ENSG00000305420	ENSG00000305420	lncRNA	1297.00	0.00	0.00
ENSG00000305435	ENSG00000305435	lncRNA	327.00	0.00	0.00
ENSG00000305592	ENSG00000305592	lncRNA	491.00	0.00	0.00
ENSG00000305663	ENSG00000305663	lncRNA	730.50	0.00	0.00
ENSG00000305681	ENSG00000305681	lncRNA	901.20	0.00	0.00
ENSG00000305857	ENSG00000305857	lncRNA	706.00	0.00	0.00
ENSG00000306064	ENSG00000306064	lncRNA	1892.00	0.00	0.00
ENSG00000306112	ENSG00000306112	lncRNA	1841.00	0.00	0.00
ENSG00000306130	ENSG00000306130	lncRNA	1050.00	0.00	0.00
ENSG00000306155	ENSG00000306155	lncRNA	439.00	0.00	0.00
ENSG00000306187	ENSG00000306187	lncRNA	1680.00	0.00	0.00
ENSG00000306238	ENSG00000306238	lncRNA	450.00	0.00	0.00
ENSG00000306452	ENSG00000306452	lncRNA	1176.50	0.00	0.00
ENSG00000306469	ENSG00000306469	lncRNA	473.00	0.00	0.00
ENSG00000306608	ENSG00000306608	lncRNA	563.00	0.00	0.00
ENSG00000306617	ENSG00000306617	lncRNA	290.00	0.00	0.00
ENSG00000306709	ENSG00000306709	lncRNA	642.00	0.00	0.00
ENSG00000306790	ENSG00000306790	lncRNA	882.00	0.00	0.00
ENSG00000306955	ENSG00000306955	lncRNA	901.00	0.00	0.00
ENSG00000306993	ENSG00000306993	lncRNA	539.00	0.00	0.00
ENSG00000307165	ENSG00000307165	lncRNA	418.00	0.00	0.00
ENSG00000307221	ENSG00000307221	lncRNA	728.00	0.00	0.00
ENSG00000307305	ENSG00000307305	lncRNA	752.00	0.00	0.00
ENSG00000307365	ENSG00000307365	lncRNA	599.50	0.00	0.00
ENSG00000307538	ENSG00000307538	lncRNA	598.00	0.00	0.00
ENSG00000307555	ENSG00000307555	lncRNA	627.00	0.00	0.00
ENSG00000307556	ENSG00000307556	lncRNA	493.00	0.00	0.00
ENSG00000307561	ENSG00000307561	lncRNA	648.00	0.00	0.00
ENSG00000307596	ENSG00000307596	lncRNA	407.00	0.00	0.00
ENSG00000307604	ENSG00000307604	lncRNA	635.00	0.00	0.00
ENSG00000307622	ENSG00000307622	lncRNA	1518.00	0.00	0.00
ENSG00000307633	ENSG00000307633	lncRNA	573.00	0.00	0.00
ENSG00000307640	ENSG00000307640	lncRNA	757.00	0.00	0.00
ENSG00000307654	ENSG00000307654	lncRNA	787.00	0.00	0.00
ENSG00000307679	ENSG00000307679	lncRNA	598.00	0.00	0.00
ENSG00000307720	ENSG00000307720	lncRNA	807.00	0.00	0.00
ENSG00000307761	ENSG00000307761	lncRNA	1431.00	0.00	0.00
ENSG00000307798	ENSG00000307798	lncRNA	961.00	0.00	0.00
ENSG00000307819	ENSG00000307819	lncRNA	749.50	0.00	0.00
ENSG00000307847	ENSG00000307847	lncRNA	705.00	0.00	0.00
ENSG00000307862	ENSG00000307862	lncRNA	973.67	0.00	0.00
ENSG00000307928	ENSG00000307928	lncRNA	712.00	0.00	0.00
ENSG00000308315	ENSG00000308315	lncRNA	2214.00	0.00	0.00
ENSG00000308374	ENSG00000308374	lncRNA	364.00	0.00	0.00
ENSG00000308395	ENSG00000308395	lncRNA	325.00	0.00	0.00
ENSG00000308419	ENSG00000308419	lncRNA	325.00	0.00	0.00
ENSG00000308444	ENSG00000308444	lncRNA	888.00	0.00	0.00
ENSG00000308520	ENSG00000308520	lncRNA	329.00	0.00	0.00
ENSG00000308539	ENSG00000308539	lncRNA	566.00	0.00	0.00
ENSG00000308679	ENSG00000308679	lncRNA	363.00	0.00	0.00
ENSG00000308760	ENSG00000308760	lncRNA	604.67	0.00	0.00
ENSG00000308779	ENSG00000308779	lncRNA	846.50	0.00	0.00
ENSG00000308781	ENSG00000308781	lncRNA	1017.00	0.00	0.00
ENSG00000308791	ENSG00000308791	lncRNA	817.00	0.00	0.00
ENSG00000308799	ENSG00000308799	lncRNA	409.00	0.00	0.00
ENSG00000309045	ENSG00000309045	lncRNA	881.00	0.00	0.00
ENSG00000309048	ENSG00000309048	lncRNA	846.00	0.00	0.00
ENSG00000309254	ENSG00000309254	lncRNA	1071.67	0.00	0.00
ENSG00000309274	ENSG00000309274	lncRNA	792.00	0.00	0.00
ENSG00000309298	ENSG00000309298	lncRNA	1314.00	0.00	0.00
ENSG00000309348	ENSG00000309348	lncRNA	534.00	0.00	0.00
ENSG00000309455	ENSG00000309455	lncRNA	1416.00	0.00	0.00
ENSG00000309628	ENSG00000309628	lncRNA	496.00	0.00	0.00
ENSG00000309667	ENSG00000309667	lncRNA	347.00	0.00	0.00
ENSG00000309773	ENSG00000309773	lncRNA	398.00	0.00	0.00
ENSG00000309819	ENSG00000309819	lncRNA	334.00	0.00	0.00
ENSG00000309872	ENSG00000309872	lncRNA	343.00	0.00	0.00
ENSG00000309895	ENSG00000309895	lncRNA	345.00	0.00	0.00
ENSG00000309920	ENSG00000309920	lncRNA	1133.00	0.00	0.00
ENSG00000309925	ENSG00000309925	lncRNA	194.00	0.00	0.00
ENSG00000309931	ENSG00000309931	lncRNA	1406.75	0.00	0.00
ENSG00000309947	ENSG00000309947	lncRNA	543.00	0.00	0.00
ENSG00000309962	ENSG00000309962	lncRNA	971.00	0.00	0.00
ENSG00000309998	ENSG00000309998	lncRNA	1373.00	0.00	0.00
ENSG00000310037	ENSG00000310037	lncRNA	1299.00	0.00	0.00
ENSG00000310052	ENSG00000310052	lncRNA	1175.00	0.00	0.00
ENSG00000310070	ENSG00000310070	lncRNA	517.00	0.00	0.00
ENSG00000310096	ENSG00000310096	lncRNA	518.00	0.00	0.00
ENSG00000310179	ENSG00000310179	lncRNA	1053.00	0.00	0.00
ENSG00000310236	ENSG00000310236	lncRNA	1882.00	0.00	0.00
ENSG00000310243	ENSG00000310243	lncRNA	413.00	0.00	0.00
ENSG00000310416	ENSG00000310416	lncRNA	2256.00	1.00	59.48
