gene_id	gene_name	gene_type	start	end	strand	length_bp
ENSG00000294541	ENSG00000294541	lncRNA	10524345	10529164	-	4820
ENSG00000277248	U2	snRNA	10736171	10736283	-	113
ENSG00000301473	ENSG00000301473	lncRNA	10742050	10753085	+	11036
ENSG00000301496	ENSG00000301496	lncRNA	10752636	10754413	-	1778
ENSG00000283047	FRG1FP	transcribed_unprocessed_pseudogene	10939388	10961338	-	21951
ENSG00000303605	ENSG00000303605	lncRNA	10941695	10961693	-	19999
ENSG00000279973	ENSG00000279973	lncRNA	11066268	11068174	+	1907
ENSG00000226444	ACTR3BP7	processed_pseudogene	11124337	11125705	+	1369
ENSG00000294022	ENSG00000294022	lncRNA	11146119	11147823	+	1705
ENSG00000276871	5_8S_rRNA	rRNA	11249809	11249959	-	151
ENSG00000288262	ZNF73P	unprocessed_pseudogene	11474744	11479643	+	4900
ENSG00000290397	ENSG00000290397	lncRNA	11707145	11955470	+	248326
ENSG00000310416	ENSG00000310416	lncRNA	11832287	11974294	-	142008
ENSG00000286406	ENSG00000286406	transcribed_unprocessed_pseudogene	11883602	11904000	+	20399
ENSG00000296155	ENSG00000296155	lncRNA	12038112	12056544	-	18433
ENSG00000298316	ENSG00000298316	lncRNA	12097900	12219507	+	121608
ENSG00000298334	ENSG00000298334	lncRNA	12099178	12167106	-	67929
ENSG00000307720	ENSG00000307720	lncRNA	12279848	12281130	+	1283
ENSG00000300120	ENSG00000300120	lncRNA	12298622	12309789	-	11168
ENSG00000310236	ENSG00000310236	lncRNA	12602041	12629211	+	27171
ENSG00000283023	FRG1GP	transcribed_unprocessed_pseudogene	12602466	12626642	+	24177
ENSG00000297508	ENSG00000297508	lncRNA	12694810	12696637	+	1828
ENSG00000302854	ENSG00000302854	lncRNA	12800736	12813586	-	12851
ENSG00000276138	U6	snRNA	15273855	15273961	+	107
ENSG00000280341	ENSG00000280341	lncRNA	15282557	15288670	-	6114
ENSG00000236235	ENSG00000236235	unprocessed_pseudogene	15290718	15297196	+	6479
ENSG00000279442	ENSG00000279442	lncRNA	15298378	15304556	-	6179
ENSG00000184624	ZNF72BP	unprocessed_pseudogene	15326037	15343065	-	17029
ENSG00000236097	BNIP3P2	processed_pseudogene	15349467	15350043	+	577
ENSG00000236831	YME1L1P1	unprocessed_pseudogene	15489990	15492564	+	2575
ENSG00000300982	ENSG00000300982	lncRNA	15509869	15523382	-	13514
ENSG00000300957	ENSG00000300957	lncRNA	15516999	15564470	+	47472
ENSG00000130538	OR11H1	protein_coding	15528192	15529139	+	948
ENSG00000237299	ENSG00000237299	transcribed_unprocessed_pseudogene	15541436	15578006	+	36571
ENSG00000235759	ARHGAP42P3	processed_pseudogene	15550904	15553838	-	2935
ENSG00000230471	ENSG00000230471	lncRNA	15557577	15625205	-	67629
ENSG00000215268	USP10P3	processed_pseudogene	15562017	15564276	-	2260
ENSG00000213727	SSBP3P3	processed_pseudogene	15572089	15573265	-	1177
ENSG00000230643	ENSG00000230643	unprocessed_pseudogene	15588361	15588478	+	118
ENSG00000300998	ENSG00000300998	lncRNA	15603386	15610273	+	6888
ENSG00000231565	NEK2P2	processed_pseudogene	15611759	15613096	-	1338
ENSG00000226474	ENSG00000226474	unprocessed_pseudogene	15615402	15615578	-	177
ENSG00000224435	NF1P6	transcribed_unprocessed_pseudogene	15622601	15632051	-	9451
ENSG00000234381	MED15P7	unprocessed_pseudogene	15635180	15644330	-	9151
ENSG00000198062	POTEH	protein_coding	15690026	15721631	+	31606
ENSG00000236666	POTEH-AS1	lncRNA	15699361	15703403	-	4043
ENSG00000212216	RNU6-816P	snRNA	15701459	15701565	+	107
ENSG00000241838	ENSG00000241838	processed_pseudogene	15721486	15722608	+	1123
ENSG00000225255	PSLNR	lncRNA	15741297	15779680	+	38384
ENSG00000235992	GRAMD4P2	transcribed_processed_pseudogene	15749156	15750825	-	1670
ENSG00000206195	DUXAP8	lncRNA	15784886	15877449	+	92564
ENSG00000271127	ENSG00000271127	transcribed_unprocessed_pseudogene	15794901	15797909	+	3009
ENSG00000290415	ENSG00000290415	lncRNA	15805263	15821063	-	15801
ENSG00000232775	BMS1P22	transcribed_unprocessed_pseudogene	15805847	15806503	-	657
ENSG00000271672	DUXAP8	transcribed_processed_pseudogene	15826566	15827187	+	622
ENSG00000223875	NBEAP3	transcribed_unprocessed_pseudogene	15852990	15893942	+	40953
ENSG00000215270	TOMM40P2	processed_pseudogene	15854195	15855243	-	1049
ENSG00000229286	ENSG00000229286	unprocessed_pseudogene	15901791	15901911	+	121
ENSG00000233866	ENSG00000233866	lncRNA	15914721	15915800	-	1080
ENSG00000278188	U6	snRNA	16141767	16141872	+	106
ENSG00000225293	ABCD1P4	unprocessed_pseudogene	16387694	16390887	+	3194
ENSG00000226160	ENSG00000226160	processed_pseudogene	16405330	16405417	+	88
ENSG00000229658	PABPC1P9	unprocessed_pseudogene	16423943	16426031	+	2089
ENSG00000227367	SLC9B1P4	unprocessed_pseudogene	16428947	16476870	-	47924
ENSG00000280263	ACTR3BP6	processed_pseudogene	16486985	16488322	+	1338
ENSG00000235969	CHEK2P4	unprocessed_pseudogene	16503304	16509475	+	6172
ENSG00000273362	ENSG00000273362	lncRNA	16521059	16527237	+	6179
ENSG00000233995	ENSG00000233995	unprocessed_pseudogene	16572027	16574637	+	2611
ENSG00000239435	KCNMB3P1	transcribed_unprocessed_pseudogene	16575363	16582707	-	7345
ENSG00000290416	ENSG00000290416	lncRNA	16577898	16602748	-	24851
ENSG00000198445	CCT8L2	protein_coding	16590751	16592810	-	2060
ENSG00000287285	ENSG00000287285	lncRNA	16592895	16600112	+	7218
ENSG00000294751	ENSG00000294751	lncRNA	16595065	16599834	-	4770
ENSG00000240122	FABP5P11	transcribed_processed_pseudogene	16595089	16595485	-	397
ENSG00000290418	TPTEP1	lncRNA	16601307	16698742	+	97436
ENSG00000267338	ENSG00000267338	lncRNA	16616170	16617114	+	945
ENSG00000100181	TPTEP1	transcribed_unprocessed_pseudogene	16637040	16638740	+	1701
ENSG00000249288	SLC25A15P5	unprocessed_pseudogene	16645695	16646581	-	887
ENSG00000249263	PARP4P3	transcribed_unprocessed_pseudogene	16653892	16659628	-	5737
ENSG00000189295	ANKRD62P1-PARP4P3	lncRNA	16654066	16675540	-	21475
ENSG00000259271	ANKRD62P1	transcribed_unprocessed_pseudogene	16671090	16679493	-	8404
ENSG00000273244	ENSG00000273244	lncRNA	16676016	16694648	-	18633
ENSG00000241717	VWFP1	transcribed_unprocessed_pseudogene	16690103	16704477	-	14375
ENSG00000235343	LINC01665	lncRNA	16701499	16748645	-	47147
ENSG00000288024	ENSG00000288024	lncRNA	16725072	16747761	+	22690
ENSG00000172967	XKR3	protein_coding	16783412	16825411	-	42000
ENSG00000290408	HSFY1P1	lncRNA	16827403	16829336	+	1934
ENSG00000229027	HSFY1P1	transcribed_unprocessed_pseudogene	16827551	16829209	+	1659
ENSG00000234121	GPM6BP3	processed_pseudogene	16837522	16837666	+	145
ENSG00000283535	ENSG00000283535	transcribed_unprocessed_pseudogene	16844399	16846357	+	1959
ENSG00000237835	ENSG00000237835	processed_pseudogene	16855804	16856162	+	359
ENSG00000220248	ZNF402P	processed_pseudogene	16857619	16860718	-	3100
ENSG00000237689	ENSG00000237689	lncRNA	16869433	16871281	+	1849
ENSG00000228122	MTND1P17	processed_pseudogene	16876218	16876421	-	204
ENSG00000237358	ENSG00000237358	processed_pseudogene	16876552	16876902	-	351
ENSG00000298208	ENSG00000298208	lncRNA	16889495	16890424	-	930
ENSG00000297273	ENSG00000297273	lncRNA	16896849	16897760	+	912
ENSG00000225480	ENSG00000225480	transcribed_processed_pseudogene	16897445	16897546	+	102
ENSG00000230481	IGKV1OR22-5	IG_V_pseudogene	16904219	16904696	-	478
ENSG00000253691	IGKV2OR22-4	IG_V_pseudogene	16914235	16914981	-	747
ENSG00000253460	IGKV2OR22-3	IG_V_pseudogene	16921443	16922173	-	731
ENSG00000254264	IGKV3OR22-2	IG_V_pseudogene	16925952	16926444	-	493
ENSG00000253481	IGKV1OR22-1	IG_V_pseudogene	16933521	16934003	-	483
ENSG00000285045	ENSG00000285045	unprocessed_pseudogene	16953895	16956808	+	2914
ENSG00000215568	GAB4	protein_coding	16961936	17008222	-	46287
ENSG00000270226	IL9RP6	processed_pseudogene	17012404	17012932	+	529
ENSG00000310179	ENSG00000310179	lncRNA	17014906	17016548	-	1643
ENSG00000295065	ENSG00000295065	lncRNA	17020574	17024506	-	3933
ENSG00000276400	VN1R9P	transcribed_processed_pseudogene	17021398	17022570	-	1173
ENSG00000295360	ENSG00000295360	lncRNA	17035503	17036409	+	907
ENSG00000290931	ENSG00000290931	lncRNA	17036425	17071041	+	34617
ENSG00000237438	CECR7	transcribed_unprocessed_pseudogene	17044873	17047426	+	2554
ENSG00000273442	ENSG00000273442	lncRNA	17080701	17081456	+	756
ENSG00000177663	IL17RA	protein_coding	17084934	17115693	+	30760
ENSG00000235328	RPL31P62	processed_pseudogene	17093612	17093939	-	328
ENSG00000183307	TMEM121B	protein_coding	17116297	17121367	-	5071
ENSG00000235478	LINC01664	lncRNA	17119519	17132113	+	12595
ENSG00000069998	HDHD5	protein_coding	17137510	17165287	-	27778
ENSG00000185837	HDHD5-AS1	lncRNA	17159338	17165451	+	6114
ENSG00000093072	ADA2	protein_coding	17178790	17258235	-	79446
ENSG00000236325	RPL32P5	processed_pseudogene	17192936	17193308	+	373
ENSG00000203416	FAM32BP	processed_pseudogene	17213516	17214155	+	640
ENSG00000296914	ENSG00000296914	lncRNA	17248091	17260693	+	12603
ENSG00000241832	CECR3	lncRNA	17256859	17266822	-	9964
ENSG00000308779	ENSG00000308779	lncRNA	17270097	17349607	+	79511
ENSG00000308791	ENSG00000308791	lncRNA	17314870	17329205	-	14336
ENSG00000231004	CECR9	TEC	17329034	17329232	+	199
ENSG00000239547	RN7SL843P	misc_RNA	17352881	17353177	-	297
ENSG00000099954	CECR2	protein_coding	17359949	17558151	+	198203
ENSG00000229492	TERF2IPP1	processed_pseudogene	17418697	17419828	+	1132
ENSG00000232305	CLCP1	processed_pseudogene	17424388	17424775	-	388
ENSG00000228045	DNAJA1P6	processed_pseudogene	17518676	17519029	-	354
ENSG00000286195	ENSG00000286195	lncRNA	17521514	17570078	-	48565
ENSG00000182902	SLC25A18	protein_coding	17563086	17591909	+	28824
ENSG00000236754	ENSG00000236754	lncRNA	17579386	17589192	-	9807
ENSG00000131100	ATP6V1E1	protein_coding	17592136	17630958	-	38823
ENSG00000099968	BCL2L13	protein_coding	17628848	17730855	+	102008
ENSG00000015475	BID	protein_coding	17734138	17774770	-	40633
ENSG00000264757	MIR3198-1	miRNA	17764180	17764259	-	80
ENSG00000269220	LINC00528	lncRNA	17777317	17780519	+	3203
ENSG00000243156	MICAL3	protein_coding	17787649	18024561	-	236913
ENSG00000093100	ENSG00000093100	lncRNA	17787652	17811497	-	23846
ENSG00000286990	ENSG00000286990	lncRNA	17800722	17802035	+	1314
ENSG00000294058	ENSG00000294058	lncRNA	17866708	17867463	+	756
ENSG00000297738	ENSG00000297738	lncRNA	17910840	17911365	+	526
ENSG00000207780	MIR648	miRNA	17980868	17980961	-	94
ENSG00000235445	ENSG00000235445	lncRNA	17983205	17983619	-	415
ENSG00000234913	ENSG00000234913	lncRNA	18004270	18007308	-	3039
ENSG00000237446	RHEBP3	processed_pseudogene	18019214	18020200	+	987
ENSG00000297713	ENSG00000297713	lncRNA	18023718	18025689	+	1972
ENSG00000235295	LINC01634	lncRNA	18029282	18044412	+	15131
ENSG00000304254	ENSG00000304254	lncRNA	18044183	18077248	+	33066
ENSG00000225335	ENSG00000225335	lncRNA	18075138	18078884	-	3747
ENSG00000215193	PEX26	protein_coding	18077923	18105396	+	27474
ENSG00000288683	ENSG00000288683	protein_coding	18077989	18131720	+	53732
ENSG00000236890	ENSG00000236890	processed_pseudogene	18081466	18081675	-	210
ENSG00000235617	ENSG00000235617	unprocessed_pseudogene	18101612	18101888	+	277
ENSG00000225225	ARL2BPP10	processed_pseudogene	18102457	18103649	-	1193
ENSG00000183785	TUBA8	protein_coding	18110100	18146683	+	36584
ENSG00000280007	ENSG00000280007	lncRNA	18110759	18131154	-	20396
ENSG00000184979	USP18	protein_coding	18148399	18177397	+	28999
ENSG00000187979	FAM230D	lncRNA	18178026	18205991	-	27966
ENSG00000308419	ENSG00000308419	lncRNA	18205937	18207914	+	1978
ENSG00000277870	FAM230A	lncRNA	18233500	18500594	+	267095
ENSG00000276160	GGTLC5P	unprocessed_pseudogene	18340145	18345899	+	5755
ENSG00000288811	ENSG00000288811	lncRNA	18348975	18361192	+	12218
ENSG00000274044	FAM230J	lncRNA	18361820	18391105	-	29286
ENSG00000276874	ENSG00000276874	lncRNA	18374106	18375689	+	1584
ENSG00000275060	PPP1R26P3	unprocessed_pseudogene	18400407	18404206	-	3800
ENSG00000308374	ENSG00000308374	lncRNA	18412708	18415484	-	2777
ENSG00000308395	ENSG00000308395	lncRNA	18416727	18418871	-	2145
ENSG00000302882	ENSG00000302882	lncRNA	18427183	18428360	-	1178
ENSG00000277017	ENSG00000277017	lncRNA	18486999	18491247	-	4249
ENSG00000278044	FAM247B	lncRNA	18501221	18512497	-	11277
ENSG00000274252	GGTLC3	protein_coding	18516338	18518161	-	1824
ENSG00000275319	Metazoa_SRP	misc_RNA	18524620	18524935	+	316
ENSG00000277690	ENSG00000277690	processed_pseudogene	18527157	18527626	+	470
ENSG00000278558	TMEM191B	protein_coding	18527802	18530573	+	2772
ENSG00000290425	PI4KAP1	lncRNA	18533646	18578894	-	45249
ENSG00000274602	PI4KAP1	transcribed_unprocessed_pseudogene	18534005	18548798	-	14794
ENSG00000300291	ENSG00000300291	lncRNA	18551200	18570739	+	19540
ENSG00000274625	ENSG00000274625	scaRNA	18605355	18605497	+	143
ENSG00000222630	RN7SKP131	misc_RNA	18605802	18606102	-	301
ENSG00000275793	RIMBP3	protein_coding	18605815	18611919	-	6105
ENSG00000275362	Metazoa_SRP	misc_RNA	18615581	18615900	+	320
ENSG00000278110	SUSD2P2	unprocessed_pseudogene	18623339	18625289	-	1951
ENSG00000286175	FAM246B	protein_coding	18633984	18634682	+	699
ENSG00000302720	ENSG00000302720	lncRNA	18634776	18635386	+	611
ENSG00000273907	CA15P2	unprocessed_pseudogene	18636445	18638405	-	1961
ENSG00000273643	PPP1R26P2	processed_pseudogene	18650023	18653617	-	3595
ENSG00000278008	PPP1R26P4	processed_pseudogene	18715815	18719341	+	3527
ENSG00000309872	ENSG00000309872	lncRNA	18727548	18730085	-	2538
ENSG00000182824	FAM230E	lncRNA	18733724	18757906	+	24183
ENSG00000298191	ENSG00000298191	lncRNA	18738233	18739420	-	1188
ENSG00000297197	ENSG00000297197	lncRNA	18758532	18769809	-	11278
ENSG00000290711	ENSG00000290711	lncRNA	18773659	18858648	-	84990
ENSG00000197421	GGT3P	transcribed_unprocessed_pseudogene	18773825	18791223	-	17399
ENSG00000239989	ENSG00000239989	transcribed_processed_pseudogene	18794414	18794804	-	391
ENSG00000302582	ENSG00000302582	lncRNA	18803738	18813169	+	9432
ENSG00000234764	E2F6P1	processed_pseudogene	18833694	18834438	+	745
ENSG00000293159	POM121L15P	lncRNA	18846472	18864414	+	17943
ENSG00000302604	ENSG00000302604	lncRNA	18846477	18848379	-	1903
ENSG00000161103	POM121L15P	transcribed_processed_pseudogene	18846932	18848320	+	1389
ENSG00000215544	BCRP7	transcribed_unprocessed_pseudogene	18855621	18858640	-	3020
ENSG00000307221	ENSG00000307221	lncRNA	18865042	18871095	-	6054
ENSG00000276095	FAM230F	lncRNA	18873543	18896777	-	23235
ENSG00000299619	ENSG00000299619	lncRNA	18883615	18884736	+	1122
ENSG00000183628	DGCR6	protein_coding	18905677	18914281	+	8605
ENSG00000283809	ENSG00000283809	protein_coding	18906238	18947732	+	41495
ENSG00000100033	PRODH	protein_coding	18912774	18936553	-	23780
ENSG00000284294	ENSG00000284294	lncRNA	18936411	18947741	+	11331
ENSG00000280418	ENSG00000280418	lncRNA	18951934	18959512	-	7579
ENSG00000273032	DGCR5	lncRNA	18969692	19031242	+	61551
ENSG00000283583	ENSG00000283583	unprocessed_pseudogene	18980695	18981325	-	631
ENSG00000237517	CELSR1P1	transcribed_unprocessed_pseudogene	18985836	18994501	+	8666
ENSG00000302076	ENSG00000302076	lncRNA	18996940	18998733	-	1794
ENSG00000271275	ENSG00000271275	transcribed_processed_pseudogene	18997138	18997595	-	458
ENSG00000283366	ENSG00000283366	transcribed_unprocessed_pseudogene	19014353	19014506	+	154
ENSG00000270393	ENSG00000270393	processed_pseudogene	19018043	19018916	-	874
ENSG00000286025	FAM246C	protein_coding	19029524	19031242	+	1719
ENSG00000241527	CA15P1	transcribed_unitary_pseudogene	19031564	19034564	-	3001
ENSG00000298261	ENSG00000298261	lncRNA	19032247	19033090	-	844
ENSG00000070413	DGCR2	protein_coding	19036280	19122461	-	86182
ENSG00000206739	Y_RNA	misc_RNA	19045256	19045367	+	112
ENSG00000273311	DGCR11	lncRNA	19046162	19048375	-	2214
ENSG00000237347	RPL28P6	processed_pseudogene	19055801	19056512	+	712
ENSG00000281530	ENSG00000281530	lncRNA	19061041	19061843	-	803
ENSG00000223461	ENSG00000223461	lncRNA	19121464	19135657	+	14194
ENSG00000272682	ENSG00000272682	lncRNA	19124309	19128449	-	4141
ENSG00000231086	TSSK1A	transcribed_unitary_pseudogene	19124879	19125646	+	768
ENSG00000100056	ESS2	protein_coding	19130279	19144684	-	14406
ENSG00000206203	TSSK2	protein_coding	19131308	19132622	+	1315
ENSG00000063515	GSC2	protein_coding	19146993	19150292	-	3300
ENSG00000289481	ENSG00000289481	lncRNA	19170452	19171631	-	1180
ENSG00000260924	LINC01311	lncRNA	19171395	19185045	+	13651
ENSG00000100075	SLC25A1	protein_coding	19175575	19178788	-	3214
ENSG00000070371	CLTCL1	protein_coding	19179320	19291774	-	112455
ENSG00000286367	ENSG00000286367	lncRNA	19196402	19200083	+	3682
ENSG00000230194	RPL34P35	processed_pseudogene	19238443	19238739	-	297
ENSG00000251940	ENSG00000251940	snoRNA	19249873	19249966	+	94
ENSG00000233471	KRT18P62	processed_pseudogene	19257520	19258806	+	1287
ENSG00000287146	ENSG00000287146	lncRNA	19291969	19328901	+	36933
ENSG00000100084	HIRA	protein_coding	19330693	19447450	-	116758
ENSG00000242259	C22orf39	protein_coding	19351368	19447711	-	96344
ENSG00000244296	RN7SL168P	misc_RNA	19365766	19366044	+	279
ENSG00000185608	MRPL40	protein_coding	19432467	19436077	+	3611
ENSG00000185065	UFD1-AS1	lncRNA	19447763	19450105	+	2343
ENSG00000070010	UFD1	protein_coding	19449911	19479215	-	29305
ENSG00000273300	ENSG00000273300	lncRNA	19454179	19454605	+	427
ENSG00000273212	ENSG00000273212	lncRNA	19456503	19456962	+	460
ENSG00000093009	CDC45	protein_coding	19479457	19520612	+	41156
ENSG00000287652	ENSG00000287652	lncRNA	19517453	19522769	-	5317
ENSG00000184113	CLDN5	protein_coding	19523024	19527545	-	4522
ENSG00000281548	LINC00895	lncRNA	19551558	19566839	-	15282
ENSG00000302501	ENSG00000302501	lncRNA	19579814	19587025	-	7212
ENSG00000305857	ENSG00000305857	lncRNA	19597778	19598642	-	865
ENSG00000230485	ENSG00000230485	processed_pseudogene	19630750	19633574	-	2825
ENSG00000225007	ENSG00000225007	lncRNA	19666899	19667735	+	837
ENSG00000304282	ENSG00000304282	lncRNA	19687923	19693581	+	5659
ENSG00000304096	ENSG00000304096	lncRNA	19708983	19714838	-	5856
ENSG00000184702	SEPTIN5	protein_coding	19714467	19724224	+	9758
ENSG00000284874	ENSG00000284874	protein_coding	19717220	19724772	+	7553
ENSG00000203618	GP1BB	protein_coding	19723539	19724776	+	1238
ENSG00000298759	ENSG00000298759	lncRNA	19727249	19735909	+	8661
ENSG00000306238	ENSG00000306238	lncRNA	19748522	19749106	-	585
ENSG00000298407	ENSG00000298407	lncRNA	19750531	19751330	+	800
ENSG00000184058	TBX1	protein_coding	19756703	19783593	+	26891
ENSG00000185838	GNB1L	protein_coding	19783223	19854939	-	71717
ENSG00000235776	RPL7AP70	processed_pseudogene	19792294	19793094	+	801
ENSG00000302740	ENSG00000302740	lncRNA	19804904	19809428	+	4525
ENSG00000215012	RTL10	protein_coding	19846138	19854896	-	8759
ENSG00000289960	ENSG00000289960	lncRNA	19854910	19867420	+	12511
ENSG00000184470	TXNRD2	protein_coding	19875517	19941820	-	66304
ENSG00000232926	RPL8P5	processed_pseudogene	19887289	19887970	+	682
ENSG00000289946	ENSG00000289946	lncRNA	19933661	19939498	+	5838
ENSG00000093010	COMT	protein_coding	19941371	19969975	+	28605
ENSG00000284031	MIR4761	miRNA	19963753	19963834	+	82
ENSG00000099889	ARVCF	protein_coding	19969892	20016823	-	46932
ENSG00000183597	TANGO2	protein_coding	20016615	20067164	+	50550
ENSG00000208023	MIR185	miRNA	20033139	20033220	+	82
ENSG00000236540	ENSG00000236540	lncRNA	20058030	20070569	-	12540
ENSG00000268292	ENSG00000268292	lncRNA	20064552	20065705	-	1154
ENSG00000277950	Metazoa_SRP	misc_RNA	20070716	20070965	+	250
ENSG00000128191	DGCR8	protein_coding	20080035	20111877	+	31843
ENSG00000307654	ENSG00000307654	lncRNA	20080798	20081584	-	787
ENSG00000284140	MIR3618	miRNA	20085746	20085833	+	88
ENSG00000284464	MIR1306	miRNA	20086058	20086142	+	85
ENSG00000243762	ENSG00000243762	lncRNA	20110821	20111875	-	1055
ENSG00000099899	TRMT2A	protein_coding	20111875	20117392	-	5518
ENSG00000278278	MIR6816	miRNA	20114686	20114751	-	66
ENSG00000099901	RANBP1	protein_coding	20115877	20127355	+	11479
ENSG00000264346	SNORA77B	snoRNA	20126402	20126526	+	125
ENSG00000099904	ZDHHC8	protein_coding	20129456	20148007	+	18552
ENSG00000234409	CCDC188	protein_coding	20148416	20151055	-	2640
ENSG00000299199	ENSG00000299199	lncRNA	20151796	20155468	-	3673
ENSG00000249923	LINC02891	lncRNA	20198729	20212221	-	13493
ENSG00000236499	LINC00896	lncRNA	20206340	20235981	+	29642
ENSG00000307165	ENSG00000307165	lncRNA	20226761	20228564	-	1804
ENSG00000040608	RTN4R	protein_coding	20241415	20283246	-	41832
ENSG00000221039	MIR1286	miRNA	20249134	20249211	-	78
ENSG00000161132	PRODHLP	unprocessed_pseudogene	20299760	20313216	+	13457
ENSG00000128185	DGCR6L	protein_coding	20314238	20320080	-	5843
ENSG00000273343	ENSG00000273343	lncRNA	20318119	20318749	-	631
ENSG00000273139	ENSG00000273139	lncRNA	20320104	20321406	+	1303
ENSG00000309819	ENSG00000309819	lncRNA	20335732	20338859	-	3128
ENSG00000188280	FAM230G	lncRNA	20337895	20354372	+	16478
ENSG00000290950	ENSG00000290950	lncRNA	20343198	20372718	-	29521
ENSG00000161133	USP41P	transcribed_unprocessed_pseudogene	20363621	20377251	-	13631
ENSG00000185252	ZNF74	protein_coding	20394115	20408461	+	14347
ENSG00000207343	RNU6-225P	snRNA	20416797	20416899	-	103
ENSG00000301723	ENSG00000301723	lncRNA	20418310	20420314	+	2005
ENSG00000244486	SCARF2	protein_coding	20424584	20437944	-	13361
ENSG00000305663	ENSG00000305663	lncRNA	20425347	20443364	+	18018
ENSG00000277971	ENSG00000277971	protein_coding	20429241	20446620	-	17380
ENSG00000099910	KLHL22	protein_coding	20441519	20496893	-	55375
ENSG00000215493	KLHL12P1	processed_pseudogene	20450122	20451824	+	1703
ENSG00000255156	RNY1P9	misc_RNA	20475203	20475311	-	109
ENSG00000201916	Y_RNA	misc_RNA	20481158	20481268	+	111
ENSG00000242876	RN7SL812P	misc_RNA	20481935	20482213	-	279
ENSG00000236670	KRT18P5	processed_pseudogene	20482815	20484105	-	1291
ENSG00000099917	MED15	protein_coding	20495913	20587632	+	91720
ENSG00000236003	ENSG00000236003	lncRNA	20522070	20523870	-	1801
ENSG00000307622	ENSG00000307622	lncRNA	20563737	20567074	-	3338
ENSG00000250261	CCDC74BP1	transcribed_unprocessed_pseudogene	20587496	20592218	-	4723
ENSG00000307604	ENSG00000307604	lncRNA	20587585	20592235	-	4651
ENSG00000223553	SMPD4P1	transcribed_unprocessed_pseudogene	20602595	20626134	-	23540
ENSG00000290981	ENSG00000290981	lncRNA	20616230	20656986	-	40757
ENSG00000294629	ENSG00000294629	lncRNA	20631168	20632961	+	1794
ENSG00000276427	IGLL4P	transcribed_unprocessed_pseudogene	20632619	20632751	+	133
ENSG00000238125	SLC9A3P2	processed_pseudogene	20652730	20654750	+	2021
ENSG00000229107	ABHD17AP4	processed_pseudogene	20667836	20670984	-	3149
ENSG00000217261	POM121L4P	transcribed_unprocessed_pseudogene	20689929	20698938	+	9010
ENSG00000290982	ENSG00000290982	lncRNA	20690031	20691317	+	1287
ENSG00000303205	ENSG00000303205	lncRNA	20695438	20704239	-	8802
ENSG00000303227	ENSG00000303227	lncRNA	20695633	20698399	+	2767
ENSG00000235062	BCRP5	transcribed_unprocessed_pseudogene	20697962	20698934	-	973
ENSG00000291085	TMEM191A	lncRNA	20701114	20704617	+	3504
ENSG00000226287	TMEM191A	transcribed_unprocessed_pseudogene	20702007	20704490	+	2484
ENSG00000241973	PI4KA	protein_coding	20707691	20859417	-	151727
ENSG00000099937	SERPIND1	protein_coding	20774112	20787721	+	13610
ENSG00000099940	SNAP29	protein_coding	20858537	20891214	+	32678
ENSG00000272600	ENSG00000272600	lncRNA	20889206	20891214	-	2009
ENSG00000099942	CRKL	protein_coding	20917407	20953747	+	36341
ENSG00000237476	LINC01637	lncRNA	20957092	20964881	+	7790
ENSG00000183773	AIFM3	protein_coding	20965108	20981364	+	16257
ENSG00000285314	ENSG00000285314	lncRNA	20979462	20998121	+	18660
ENSG00000272829	ENSG00000272829	lncRNA	20981351	20982233	-	883
ENSG00000099949	LZTR1	protein_coding	20982223	20999035	+	16813
ENSG00000184436	THAP7	protein_coding	20999104	21002196	-	3093
ENSG00000230513	THAP7-AS1	lncRNA	21001536	21010342	+	8807
ENSG00000284060	ENSG00000284060	transcribed_unprocessed_pseudogene	21002895	21009453	-	6559
ENSG00000284130	TUBA3FP	protein_coding	21008193	21014292	-	6100
ENSG00000291240	ENSG00000291240	protein_coding	21008247	21032572	-	24326
ENSG00000099957	P2RX6	protein_coding	21009808	21028013	+	18206
ENSG00000099960	SLC7A4	protein_coding	21028718	21032933	-	4216
ENSG00000226872	ENSG00000226872	lncRNA	21031354	21044117	+	12764
ENSG00000207575	MIR649	miRNA	21034176	21034272	-	97
ENSG00000290799	ENSG00000290799	lncRNA	21035233	21045741	-	10509
ENSG00000206145	P2RX6P	transcribed_unprocessed_pseudogene	21042343	21045017	-	2675
ENSG00000187905	LRRC74B	protein_coding	21045946	21064168	+	18223
ENSG00000249680	TUBA3GP	unprocessed_pseudogene	21065462	21070097	+	4636
ENSG00000284665	ENSG00000284665	unprocessed_pseudogene	21071082	21081018	-	9937
ENSG00000291044	ENSG00000291044	lncRNA	21102861	21170655	+	67795
ENSG00000197210	ENSG00000197210	lncRNA	21114570	21124451	-	9882
ENSG00000169668	BCRP2	transcribed_unprocessed_pseudogene	21115929	21119758	+	3830
ENSG00000239511	POM121L7P	processed_pseudogene	21125660	21128063	-	2404
ENSG00000224688	E2F6P2	processed_pseudogene	21141624	21142371	-	748
ENSG00000297777	ENSG00000297777	lncRNA	21163681	21166933	-	3253
ENSG00000215498	FAM230B	lncRNA	21166079	21192161	+	26083
ENSG00000234503	ENSG00000234503	lncRNA	21177892	21179875	-	1984
ENSG00000290961	FAM247A	lncRNA	21192787	21204034	-	11248
ENSG00000283972	FAM247A	transcribed_unprocessed_pseudogene	21203454	21203631	-	178
ENSG00000290983	ENSG00000290983	lncRNA	21207972	21294616	-	86645
ENSG00000133475	GGT2P	transcribed_unprocessed_pseudogene	21207973	21225554	-	17582
ENSG00000283145	ENSG00000283145	transcribed_unprocessed_pseudogene	21228760	21229138	-	379
ENSG00000226885	E2F6P3	processed_pseudogene	21268161	21268903	+	743
ENSG00000229266	POM121L8P	transcribed_processed_pseudogene	21282881	21284161	+	1281
ENSG00000169662	BCRP6	transcribed_unprocessed_pseudogene	21290760	21294586	-	3827
ENSG00000301876	ENSG00000301876	lncRNA	21290990	21292541	+	1552
ENSG00000206142	FAM230H	lncRNA	21300990	21326741	-	25752
ENSG00000237407	ENSG00000237407	lncRNA	21312920	21314904	+	1985
ENSG00000303017	ENSG00000303017	lncRNA	21326697	21332962	+	6266
ENSG00000232771	PPP1R26P5	processed_pseudogene	21341595	21345258	+	3664
ENSG00000279920	LINC01651	lncRNA	21354563	21358067	+	3505
ENSG00000306955	ENSG00000306955	lncRNA	21359582	21368788	-	9207
ENSG00000286102	FAM246A	protein_coding	21360601	21361299	-	699
ENSG00000226534	SUSD2P1	processed_pseudogene	21370064	21371945	+	1882
ENSG00000273846	Metazoa_SRP	misc_RNA	21379382	21379701	-	320
ENSG00000274600	RIMBP3B	protein_coding	21383751	21389478	+	5728
ENSG00000200057	RN7SKP63	misc_RNA	21389191	21389491	+	301
ENSG00000252020	ENSG00000252020	scaRNA	21389796	21389938	-	143
ENSG00000275840	Metazoa_SRP	misc_RNA	21396273	21396590	-	318
ENSG00000169635	HIC2	protein_coding	21416504	21451463	+	34960
ENSG00000303940	ENSG00000303940	lncRNA	21418732	21439973	+	21242
ENSG00000276800	Metazoa_SRP	misc_RNA	21463963	21464279	+	317
ENSG00000206140	TMEM191C	protein_coding	21466423	21471269	+	4847
ENSG00000293427	ENSG00000293427	lncRNA	21472998	21518463	-	45466
ENSG00000183506	PI4KAP2	transcribed_unitary_pseudogene	21473059	21488358	-	15300
ENSG00000295071	ENSG00000295071	lncRNA	21490664	21512462	+	21799
ENSG00000252143	ENSG00000252143	scaRNA	21544897	21545039	+	143
ENSG00000222352	RN7SKP221	misc_RNA	21545344	21545644	-	301
ENSG00000183246	RIMBP3C	protein_coding	21545666	21551461	-	5796
ENSG00000185651	UBE2L3	protein_coding	21549447	21624034	+	74588
ENSG00000275293	Metazoa_SRP	misc_RNA	21555138	21555457	+	320
ENSG00000161179	YDJC	protein_coding	21628089	21630064	-	1976
ENSG00000301561	ENSG00000301561	lncRNA	21632137	21632645	-	509
ENSG00000161180	CCDC116	protein_coding	21632716	21637329	+	4614
ENSG00000273342	ENSG00000273342	lncRNA	21640844	21641284	+	441
ENSG00000128228	SDF2L1	protein_coding	21642302	21644299	+	1998
ENSG00000295055	ENSG00000295055	lncRNA	21650379	21657494	-	7116
ENSG00000207751	ENSG00000207751	lncRNA	21652128	21670237	+	18110
ENSG00000212102	MIR301B	miRNA	21652981	21653058	+	78
ENSG00000283871	MIR130B	miRNA	21653304	21653385	+	82
ENSG00000284630	ENSG00000284630	transcribed_unitary_pseudogene	21657811	21661021	+	3211
ENSG00000284651	ENSG00000284651	unitary_pseudogene	21661242	21661295	-	54
ENSG00000284654	ENSG00000284654	unitary_pseudogene	21661476	21661593	-	118
ENSG00000295080	ENSG00000295080	lncRNA	21661736	21666241	-	4506
ENSG00000284621	ENSG00000284621	transcribed_unitary_pseudogene	21661859	21661929	-	71
ENSG00000100023	PPIL2	protein_coding	21666000	21700015	+	34016
ENSG00000100027	YPEL1	protein_coding	21697536	21735794	-	38259
ENSG00000286365	ENSG00000286365	lncRNA	21712761	21714013	+	1253
ENSG00000244671	RN7SL280P	misc_RNA	21722895	21723182	-	288
ENSG00000299757	ENSG00000299757	lncRNA	21736135	21738374	+	2240
ENSG00000286127	ENSG00000286127	lncRNA	21737448	21744108	-	6661
ENSG00000100030	MAPK1	protein_coding	21755537	21867680	-	112144
ENSG00000200985	RNA5SP493	rRNA_pseudogene	21792434	21792524	+	91
ENSG00000289564	ENSG00000289564	lncRNA	21816883	21835671	+	18789
ENSG00000294146	ENSG00000294146	lncRNA	21867794	21886198	+	18405
ENSG00000225544	MPPE1P2	processed_pseudogene	21885282	21885673	-	392
ENSG00000100034	PPM1F	protein_coding	21919425	21952848	-	33424
ENSG00000224086	PPM1F-AS1	lncRNA	21938269	21977632	+	39364
ENSG00000309998	ENSG00000309998	lncRNA	21954365	21956341	-	1977
ENSG00000100038	TOP3B	protein_coding	21957025	21982813	-	25789
ENSG00000290847	PRAMENP	lncRNA	21991099	22043934	-	52836
ENSG00000197549	PRAMENP	transcribed_unprocessed_pseudogene	21991236	21995428	-	4193
ENSG00000253239	IGLVI-70	IG_V_pseudogene	22026076	22026593	+	518
ENSG00000211637	IGLV4-69	IG_V_gene	22030934	22031472	+	539
ENSG00000254355	IGLVI-68	IG_V_pseudogene	22032745	22033194	+	450
ENSG00000278657	ENSG00000278657	lncRNA	22036344	22040065	+	3722
ENSG00000249333	ENSG00000249333	unprocessed_pseudogene	22038643	22039126	+	484
ENSG00000253794	IGLV10-67	IG_V_pseudogene	22043618	22043942	+	325
ENSG00000228161	ENSG00000228161	unprocessed_pseudogene	22046430	22046591	+	162
ENSG00000253874	IGLVIV-66-1	IG_V_pseudogene	22058433	22058892	+	460
ENSG00000254075	IGLVV-66	IG_V_pseudogene	22061077	22061538	+	462
ENSG00000254161	IGLVIV-65	IG_V_pseudogene	22070225	22070707	+	483
ENSG00000253242	IGLVIV-64	IG_V_pseudogene	22075366	22075666	+	301
ENSG00000253752	IGLVI-63	IG_V_pseudogene	22079770	22080263	+	494
ENSG00000253823	IGLV1-62	IG_V_pseudogene	22086561	22087110	+	550
ENSG00000275361	ENSG00000275361	unprocessed_pseudogene	22087924	22088085	+	162
ENSG00000211638	IGLV8-61	IG_V_gene	22098700	22099212	+	513
ENSG00000225741	ENSG00000225741	unprocessed_pseudogene	22103219	22104857	+	1639
ENSG00000263366	ABHD17AP5	processed_pseudogene	22114844	22118005	-	3162
ENSG00000236118	ENSG00000236118	unprocessed_pseudogene	22155582	22155942	+	361
ENSG00000233720	ENSG00000233720	unprocessed_pseudogene	22157382	22157631	+	250
ENSG00000211639	IGLV4-60	IG_V_gene	22162199	22162681	+	483
ENSG00000227710	ENSG00000227710	unprocessed_pseudogene	22168289	22168634	+	346
ENSG00000224465	SOCS2P2	processed_pseudogene	22170983	22171556	-	574
ENSG00000254308	IGLVIV-59	IG_V_pseudogene	22179228	22179477	+	250
ENSG00000253637	IGLVV-58	IG_V_pseudogene	22182582	22182885	+	304
ENSG00000236323	BMP6P1	processed_pseudogene	22185941	22186619	+	679
ENSG00000211640	IGLV6-57	IG_V_gene	22195799	22196276	+	478
ENSG00000253126	IGLVI-56	IG_V_pseudogene	22198560	22199011	+	452
ENSG00000211641	IGLV11-55	IG_V_gene	22201663	22202161	+	499
ENSG00000211642	IGLV10-54	IG_V_gene	22214794	22215270	+	477
ENSG00000253935	IGLVIV-53	IG_V_pseudogene	22219647	22220133	+	487
ENSG00000228050	TOP3BP1	processed_pseudogene	22223187	22224566	-	1380
ENSG00000234726	ENSG00000234726	processed_pseudogene	22228719	22230469	-	1751
ENSG00000169575	VPREB1	protein_coding	22244780	22245515	+	736
ENSG00000279278	ENSG00000279278	lncRNA	22264601	22273020	+	8420
ENSG00000274422	ENSG00000274422	lncRNA	22283928	22287220	-	3293
ENSG00000234630	ENSG00000234630	lncRNA	22293733	22294794	+	1062
ENSG00000286129	ENSG00000286129	lncRNA	22298124	22329122	+	30999
ENSG00000272779	BMS1P20	transcribed_unprocessed_pseudogene	22303224	22310401	+	7178
ENSG00000211643	IGLV5-52	IG_V_gene	22318727	22319226	+	500
ENSG00000211644	IGLV1-51	IG_V_gene	22322472	22322969	+	498
ENSG00000211645	IGLV1-50	IG_V_gene	22327300	22327814	+	515
ENSG00000225724	ASH2LP3	unprocessed_pseudogene	22339573	22341214	+	1642
ENSG00000223350	IGLV9-49	IG_V_gene	22343187	22343732	+	546
ENSG00000232515	ENSG00000232515	unprocessed_pseudogene	22347807	22348164	+	358
ENSG00000211647	IGLV5-48	IG_V_gene	22352940	22353433	+	494
ENSG00000211648	IGLV1-47	IG_V_gene	22357739	22358260	+	522
ENSG00000237428	ASH2LP2	processed_pseudogene	22366210	22367770	+	1561
ENSG00000211649	IGLV7-46	IG_V_gene	22369614	22370087	+	474
ENSG00000232603	ENSG00000232603	unprocessed_pseudogene	22370829	22371120	+	292
ENSG00000211650	IGLV5-45	IG_V_gene	22375986	22376505	+	520
ENSG00000211651	IGLV1-44	IG_V_gene	22380766	22381347	+	582
ENSG00000211652	IGLV7-43	IG_V_gene	22395018	22395489	+	472
ENSG00000254175	IGLVI-42	IG_V_pseudogene	22397032	22397524	+	493
ENSG00000254073	IGLVVII-41-1	IG_V_pseudogene	22398849	22398999	+	151
ENSG00000253818	IGLV1-41	IG_V_pseudogene	22404207	22404721	+	515
ENSG00000211653	IGLV1-40	IG_V_gene	22409766	22410282	+	517
ENSG00000224144	ASH2LP1	processed_pseudogene	22420326	22421310	+	985
ENSG00000253889	IGLVI-38	IG_V_pseudogene	22425821	22426314	+	494
ENSG00000211654	IGLV5-37	IG_V_gene	22427540	22428035	+	496
ENSG00000211655	IGLV1-36	IG_V_gene	22431958	22432465	+	508
ENSG00000230821	ASH2LP4	processed_pseudogene	22446686	22448336	+	1651
ENSG00000253631	IGLV7-35	IG_V_pseudogene	22450202	22450652	+	451
ENSG00000226595	ENSG00000226595	unprocessed_pseudogene	22465659	22465986	+	328
ENSG00000275004	ZNF280B	protein_coding	22484421	22508742	-	24322
ENSG00000169548	ZNF280A	protein_coding	22513736	22520270	-	6535
ENSG00000185686	PRAME	protein_coding	22547701	22559361	-	11661
ENSG00000220891	LL22NC03-63E9.3	lncRNA	22559343	22566602	+	7260
ENSG00000253120	IGLV2-34	IG_V_pseudogene	22580014	22580296	+	283
ENSG00000211656	IGLV2-33	IG_V_gene	22588155	22588688	+	534
ENSG00000211657	IGLV3-32	IG_V_gene	22594528	22595056	+	529
ENSG00000253920	IGLV3-31	IG_V_pseudogene	22604445	22605165	+	721
ENSG00000253329	IGLV3-30	IG_V_pseudogene	22618572	22619163	+	592
ENSG00000215456	BCRP4	unprocessed_pseudogene	22630065	22636153	+	6089
ENSG00000290990	ENSG00000290990	lncRNA	22630546	22644524	-	13979
ENSG00000183169	POM121L1P	transcribed_unprocessed_pseudogene	22642251	22644085	-	1835
ENSG00000100121	GGTLC2	protein_coding	22644614	22647898	+	3285
ENSG00000253338	IGLV3-29	IG_V_pseudogene	22661299	22661542	+	244
ENSG00000253451	IGLV2-28	IG_V_pseudogene	22664473	22664907	+	435
ENSG00000211658	IGLV3-27	IG_V_gene	22668288	22668806	+	519
ENSG00000253913	IGLV3-26	IG_V_pseudogene	22673152	22673602	+	451
ENSG00000253779	IGLVVI-25-1	IG_V_pseudogene	22679097	22679345	+	249
ENSG00000211659	IGLV3-25	IG_V_gene	22686726	22687271	+	546
ENSG00000232350	ENSG00000232350	unprocessed_pseudogene	22689831	22689978	+	148
ENSG00000223999	ENSG00000223999	lncRNA	22692778	22693312	-	535
ENSG00000253822	IGLV3-24	IG_V_pseudogene	22694439	22694952	+	514
ENSG00000211660	IGLV2-23	IG_V_gene	22697789	22698407	+	619
ENSG00000253546	IGLVVI-22-1	IG_V_pseudogene	22700760	22700970	+	211
ENSG00000211661	IGLV3-22	IG_V_gene	22704265	22704822	+	558
ENSG00000211662	IGLV3-21	IG_V_gene	22711689	22713203	+	1515
ENSG00000254240	IGLVI-20	IG_V_pseudogene	22715290	22715419	+	130
ENSG00000211663	IGLV3-19	IG_V_gene	22720623	22721145	+	523
ENSG00000278667	ENSG00000278667	processed_pseudogene	22730725	22731090	-	366
ENSG00000211664	IGLV2-18	IG_V_gene	22734607	22735089	+	483
ENSG00000253152	IGLV3-17	IG_V_pseudogene	22738944	22739187	+	244
ENSG00000211665	IGLV3-16	IG_V_gene	22747383	22747921	+	539
ENSG00000253786	IGLV3-15	IG_V_pseudogene	22755554	22755797	+	244
ENSG00000288861	ENSG00000288861	lncRNA	22757217	22759496	-	2280
ENSG00000211666	IGLV2-14	IG_V_gene	22758700	22759218	+	519
ENSG00000253590	IGLV3-13	IG_V_pseudogene	22762294	22762516	+	223
ENSG00000211667	IGLV3-12	IG_V_gene	22771824	22772582	+	759
ENSG00000231392	ENSG00000231392	unprocessed_pseudogene	22774529	22774691	+	163
ENSG00000275772	ENSG00000275772	processed_pseudogene	22785643	22787268	-	1626
ENSG00000289120	ENSG00000289120	lncRNA	22790853	22818943	-	28091
ENSG00000211668	IGLV2-11	IG_V_gene	22792491	22793007	+	517
ENSG00000274381	ENSG00000274381	unprocessed_pseudogene	22803076	22803360	+	285
ENSG00000211669	IGLV3-10	IG_V_gene	22811747	22812281	+	535
ENSG00000226477	ENSG00000226477	unprocessed_pseudogene	22814671	22814926	+	256
ENSG00000211670	IGLV3-9	IG_V_gene	22819010	22819756	+	747
ENSG00000278196	IGLV2-8	IG_V_gene	22822658	22823289	+	632
ENSG00000284049	MIR650	miRNA	22822776	22822871	+	96
ENSG00000237127	ENSG00000237127	unprocessed_pseudogene	22834865	22835117	+	253
ENSG00000254077	IGLV3-7	IG_V_pseudogene	22838602	22838872	+	271
ENSG00000253448	IGLV3-6	IG_V_pseudogene	22850375	22850624	+	250
ENSG00000253234	IGLV2-5	IG_V_pseudogene	22856762	22857038	+	277
ENSG00000226420	IGLV3-4	IG_V_pseudogene	22858025	22858268	+	244
ENSG00000211672	IGLV4-3	IG_V_gene	22871507	22872035	+	529
ENSG00000253963	IGLV3-2	IG_V_pseudogene	22873212	22873440	+	229
ENSG00000211673	IGLV3-1	IG_V_gene	22880706	22881396	+	691
ENSG00000264824	MIR5571	miRNA	22886267	22886379	+	113
ENSG00000254709	IGLL5	protein_coding	22887780	22896111	+	8332
ENSG00000211674	IGLJ1	IG_J_gene	22893692	22893818	+	127
ENSG00000211675	IGLC1	IG_C_gene	22895375	22895834	+	460
ENSG00000211676	IGLJ2	IG_J_gene	22899481	22899655	+	175
ENSG00000211677	IGLC2	IG_C_gene	22900976	22901437	+	462
ENSG00000211678	IGLJ3	IG_J_gene	22904850	22905025	+	176
ENSG00000211679	IGLC3	IG_C_gene	22906342	22906803	+	462
ENSG00000211680	IGLJ4	IG_J_gene	22910574	22910606	+	33
ENSG00000254029	IGLC4	IG_C_pseudogene	22910828	22911075	+	248
ENSG00000211681	IGLJ5	IG_J_gene	22914272	22914309	+	38
ENSG00000254030	IGLC5	IG_C_pseudogene	22915635	22915927	+	293
ENSG00000211682	IGLJ6	IG_J_gene	22918132	22918201	+	70
ENSG00000222037	IGLC6	IG_C_pseudogene	22919535	22919851	+	317
ENSG00000211684	IGLJ7	IG_J_gene	22921390	22921435	+	46
ENSG00000211685	IGLC7	IG_C_gene	22922594	22923034	+	441
ENSG00000237472	ATP5PFP2	processed_pseudogene	22988263	22988581	+	319
ENSG00000223679	ENSG00000223679	unprocessed_pseudogene	22990690	23008356	+	17667
ENSG00000302749	ENSG00000302749	lncRNA	23053512	23055610	+	2099
ENSG00000100218	RSPH14	protein_coding	23059415	23145021	-	85607
ENSG00000128266	GNAZ	protein_coding	23070325	23125036	+	54712
ENSG00000283438	Metazoa_SRP	misc_RNA	23132730	23133005	-	276
ENSG00000275635	U7	snRNA	23137805	23137864	-	60
ENSG00000100228	RAB36	protein_coding	23145366	23165663	+	20298
ENSG00000294355	ENSG00000294355	lncRNA	23147639	23153680	-	6042
ENSG00000186716	BCR	protein_coding	23179704	23318037	+	138334
ENSG00000236794	BCRP8	processed_pseudogene	23179918	23180172	-	255
ENSG00000240160	RN7SL263P	misc_RNA	23261782	23262071	-	290
ENSG00000230701	FBXW4P1	processed_pseudogene	23262767	23265005	+	2239
ENSG00000296232	ENSG00000296232	lncRNA	23286446	23305828	-	19383
ENSG00000214526	RPS10P30	processed_pseudogene	23322543	23322927	-	385
ENSG00000236611	LINC02556	lncRNA	23326616	23328493	+	1878
ENSG00000290920	ENSG00000290920	lncRNA	23358949	23402726	-	43778
ENSG00000215478	CES5AP1	transcribed_unprocessed_pseudogene	23359603	23377014	-	17412
ENSG00000309962	ENSG00000309962	lncRNA	23383632	23384922	+	1291
ENSG00000309931	ENSG00000309931	lncRNA	23388249	23397016	+	8768
ENSG00000248409	CCDC188BP	transcribed_unprocessed_pseudogene	23392553	23394792	+	2240
ENSG00000133519	ZDHHC8BP	transcribed_unprocessed_pseudogene	23397938	23402157	-	4220
ENSG00000309947	ENSG00000309947	lncRNA	23402489	23409537	+	7049
ENSG00000234928	LINC01659	lncRNA	23433460	23464002	+	30543
ENSG00000227755	ENSG00000227755	transcribed_processed_pseudogene	23460349	23460511	+	163
ENSG00000178248	FAM230I	lncRNA	23461220	23509553	-	48334
ENSG00000302395	ENSG00000302395	lncRNA	23474020	23475038	+	1019
ENSG00000287864	ENSG00000287864	lncRNA	23510154	23512662	+	2509
ENSG00000225413	LINC02557	lncRNA	23512494	23513602	-	1109
ENSG00000296781	ENSG00000296781	lncRNA	23521254	23523711	+	2458
ENSG00000280623	PCAT14	lncRNA	23536821	23547797	+	10977
ENSG00000224277	ENSG00000224277	lncRNA	23567064	23573507	+	6444
ENSG00000128322	IGLL1	protein_coding	23573125	23580302	-	7178
ENSG00000272733	ENSG00000272733	lncRNA	23580880	23583859	-	2980
ENSG00000278655	ENSG00000278655	unprocessed_pseudogene	23607041	23608407	+	1367
ENSG00000189269	DRICH1	protein_coding	23608452	23632321	-	23870
ENSG00000275609	ENSG00000275609	processed_pseudogene	23610329	23610538	+	210
ENSG00000228315	GUSBP11	lncRNA	23630618	23717423	-	86806
ENSG00000234353	ENSG00000234353	transcribed_unprocessed_pseudogene	23638678	23640425	-	1748
ENSG00000244723	ASLP1	transcribed_unprocessed_pseudogene	23649213	23653334	-	4122
ENSG00000272578	GUSBP11	transcribed_unprocessed_pseudogene	23659869	23717295	-	57427
ENSG00000159496	RGL4	protein_coding	23688136	23699176	+	11041
ENSG00000187792	ZNF70	protein_coding	23738682	23751730	-	13049
ENSG00000128218	VPREB3	protein_coding	23752743	23754425	-	1683
ENSG00000169314	C22orf15	protein_coding	23762990	23765863	+	2874
ENSG00000250479	CHCHD10	protein_coding	23765834	23767982	-	2149
ENSG00000099953	MMP11	protein_coding	23768226	23784322	+	16097
ENSG00000099956	SMARCB1	protein_coding	23786931	23838009	+	51079
ENSG00000297571	ENSG00000297571	lncRNA	23820627	23822557	-	1931
ENSG00000099958	DERL3	protein_coding	23834503	23839128	-	4626
ENSG00000297590	ENSG00000297590	lncRNA	23839392	23839892	+	501
ENSG00000297546	ENSG00000297546	lncRNA	23839862	23842796	-	2935
ENSG00000272973	ENSG00000272973	lncRNA	23856416	23857813	-	1398
ENSG00000133460	SLC2A11	protein_coding	23856703	23886312	+	29610
ENSG00000251357	ENSG00000251357	protein_coding	23862188	23895223	+	33036
ENSG00000279467	ENSG00000279467	lncRNA	23865248	23873277	-	8030
ENSG00000244425	RN7SL268P	misc_RNA	23879493	23879790	-	298
ENSG00000290199	ENSG00000290199	lncRNA	23891180	23974441	-	83262
ENSG00000240972	MIF	protein_coding	23894372	23895227	+	856
ENSG00000218537	MIF-AS1	lncRNA	23894426	23898930	-	4505
ENSG00000273295	ENSG00000273295	lncRNA	23901432	23907068	-	5637
ENSG00000225282	KLHL5P1	processed_pseudogene	23926900	23929574	+	2675
ENSG00000206090	ENSG00000206090	unprocessed_pseudogene	23939998	23942798	+	2801
ENSG00000231271	ENSG00000231271	transcribed_unprocessed_pseudogene	23949918	23954042	+	4125
ENSG00000298765	ENSG00000298765	lncRNA	23951379	23952819	+	1441
ENSG00000133433	GSTT2B	protein_coding	23957414	23961197	-	3784
ENSG00000298703	ENSG00000298703	lncRNA	23960773	23965405	+	4633
ENSG00000228039	ENSG00000228039	transcribed_processed_pseudogene	23963780	23964374	+	595
ENSG00000298810	ENSG00000298810	lncRNA	23966435	23967780	-	1346
ENSG00000099974	DDTL	protein_coding	23966888	23972558	+	5671
ENSG00000272787	ENSG00000272787	lncRNA	23969211	23969873	+	663
ENSG00000099977	DDT	protein_coding	23970542	23980525	-	9984
ENSG00000298832	ENSG00000298832	lncRNA	23973552	23974894	+	1343
ENSG00000224205	GSTT3P	transcribed_unprocessed_pseudogene	23976872	23991421	-	14550
ENSG00000250470	ENSG00000250470	unprocessed_pseudogene	23976904	23977585	-	682
ENSG00000099984	GSTT2	protein_coding	23980058	23983915	+	3858
ENSG00000276950	GSTT4	protein_coding	23998401	24005453	-	7053
ENSG00000298726	ENSG00000298726	lncRNA	24005561	24008867	+	3307
ENSG00000298743	ENSG00000298743	lncRNA	24006189	24008135	-	1947
ENSG00000235689	ENSG00000235689	transcribed_unprocessed_pseudogene	24006305	24008258	-	1954
ENSG00000099991	CABIN1	protein_coding	24011192	24178634	+	167443
ENSG00000232545	ENSG00000232545	lncRNA	24101689	24103354	+	1666
ENSG00000294480	ENSG00000294480	lncRNA	24133934	24139535	-	5602
ENSG00000099994	SUSD2	protein_coding	24181481	24189111	+	7631
ENSG00000099998	GGT5	protein_coding	24218000	24245748	-	27749
ENSG00000290696	POM121L9P	lncRNA	24247862	24265525	+	17664
ENSG00000300174	ENSG00000300174	lncRNA	24247937	24251521	-	3585
ENSG00000230712	GGTLC4P	transcribed_unprocessed_pseudogene	24248074	24249466	-	1393
ENSG00000128262	POM121L9P	transcribed_unprocessed_pseudogene	24252005	24253289	+	1285
ENSG00000300150	ENSG00000300150	lncRNA	24257400	24264499	-	7100
ENSG00000225098	BCRP1	transcribed_unprocessed_pseudogene	24259929	24263764	-	3836
ENSG00000215464	RPS10P29	processed_pseudogene	24269346	24270134	-	789
ENSG00000100014	SPECC1L	protein_coding	24270817	24417740	+	146924
ENSG00000258555	SPECC1L-ADORA2A	protein_coding	24270898	24442356	+	171459
ENSG00000299949	ENSG00000299949	lncRNA	24321222	24402695	-	81474
ENSG00000128271	ADORA2A	protein_coding	24417879	24443177	+	25299
ENSG00000178803	ADORA2A-AS1	lncRNA	24429206	24495074	-	65869
ENSG00000100024	UPB1	protein_coding	24494107	24528390	+	34284
ENSG00000228923	ENSG00000228923	lncRNA	24516508	24518386	+	1879
ENSG00000138867	GUCD1	protein_coding	24540423	24555935	-	15513
ENSG00000100028	SNRPD3	protein_coding	24555957	24584044	+	28088
ENSG00000286070	ENSG00000286070	protein_coding	24556007	24628987	+	72981
ENSG00000178026	LRRC75B	protein_coding	24585620	24593208	-	7589
ENSG00000100031	GGT1	protein_coding	24594684	24629011	+	34328
ENSG00000230947	ENSG00000230947	lncRNA	24598054	24599398	+	1345
ENSG00000215481	BCRP3	lncRNA	24632820	24653362	+	20543
ENSG00000284233	ENSG00000284233	transcribed_unprocessed_pseudogene	24633272	24633443	+	172
ENSG00000284128	BCRP3	transcribed_unprocessed_pseudogene	24644791	24650832	+	6042
ENSG00000284070	ENSG00000284070	lncRNA	24645171	24651657	-	6487
ENSG00000295393	ENSG00000295393	lncRNA	24656771	24659220	-	2450
ENSG00000224124	POM121L10P	transcribed_processed_pseudogene	24657481	24658765	-	1285
ENSG00000299016	ENSG00000299016	lncRNA	24659275	24664646	+	5372
ENSG00000224806	ARL5AP4	processed_pseudogene	24686168	24686679	+	512
ENSG00000224334	ACTR2P1	processed_pseudogene	24686923	24688087	+	1165
ENSG00000282012	ENSG00000282012	lncRNA	24690628	24696033	-	5406
ENSG00000309048	ENSG00000309048	lncRNA	24700916	24707809	-	6894
ENSG00000237601	ENSG00000237601	processed_pseudogene	24703348	24703503	+	156
ENSG00000182351	CRIP1P4	processed_pseudogene	24712292	24712520	+	229
ENSG00000184571	PIWIL3	protein_coding	24719034	24774720	-	55687
ENSG00000167037	SGSM1	protein_coding	24806169	24927578	+	121410
ENSG00000199783	ENSG00000199783	snoRNA	24901147	24901214	-	68
ENSG00000206069	LHFPL7	protein_coding	24935098	24946695	-	11598
ENSG00000197077	KIAA1671	protein_coding	24952711	25197448	+	244738
ENSG00000279085	ENSG00000279085	lncRNA	25009685	25015072	-	5388
ENSG00000279548	ENSG00000279548	lncRNA	25022594	25024652	-	2059
ENSG00000279006	ENSG00000279006	lncRNA	25048967	25051966	-	3000
ENSG00000279110	ENSG00000279110	lncRNA	25052122	25065241	-	13120
ENSG00000203280	KIAA1671-AS1	lncRNA	25102417	25112716	-	10300
ENSG00000307633	ENSG00000307633	lncRNA	25111206	25111778	+	573
ENSG00000271181	STMN3P1	processed_pseudogene	25179309	25179554	-	246
ENSG00000100053	CRYBB3	protein_coding	25199858	25207359	+	7502
ENSG00000236641	ENSG00000236641	lncRNA	25212085	25213826	+	1742
ENSG00000244752	CRYBB2	protein_coding	25212564	25231870	+	19307
ENSG00000298663	ENSG00000298663	lncRNA	25236127	25263815	+	27689
ENSG00000279298	ENSG00000279298	lncRNA	25251523	25252602	-	1080
ENSG00000233577	ENSG00000233577	lncRNA	25267648	25283149	-	15502
ENSG00000285968	ENSG00000285968	lncRNA	25282097	25320227	+	38131
ENSG00000285690	ENSG00000285690	transcribed_unprocessed_pseudogene	25282943	25300791	+	17849
ENSG00000206066	IGLL3P	transcribed_unprocessed_pseudogene	25318256	25320080	+	1825
ENSG00000300687	ENSG00000300687	lncRNA	25327196	25337736	+	10541
ENSG00000230637	ENSG00000230637	transcribed_unprocessed_pseudogene	25327252	25339975	+	12724
ENSG00000231466	PHF10P2	processed_pseudogene	25349543	25350322	-	780
ENSG00000290796	ENSG00000290796	lncRNA	25351418	25405377	-	53960
ENSG00000100068	LRP5L	transcribed_unprocessed_pseudogene	25351612	25405274	-	53663
ENSG00000272942	ENSG00000272942	lncRNA	25412803	25448847	-	36045
ENSG00000272798	ENSG00000272798	lncRNA	25436312	25436915	+	604
ENSG00000271138	IGLVIVOR22-1	IG_V_pseudogene	25437306	25437823	-	518
ENSG00000291087	CRYBB2P1	lncRNA	25448053	25540803	+	92751
ENSG00000277872	MIR6817	miRNA	25455646	25455711	+	66
ENSG00000100058	CRYBB2P1	transcribed_unprocessed_pseudogene	25455712	25459681	+	3970
ENSG00000272977	ENSG00000272977	lncRNA	25476218	25479971	+	3754
ENSG00000234884	GRK3-AS1	lncRNA	25524674	25565762	-	41089
ENSG00000100077	GRK3	protein_coding	25564432	25729294	+	164863
ENSG00000237387	ENSG00000237387	lncRNA	25580241	25581382	-	1142
ENSG00000224003	YES1P1	processed_pseudogene	25647261	25649232	+	1972
ENSG00000306469	ENSG00000306469	lncRNA	25680927	25688791	-	7865
ENSG00000222585	RNA5SP494	rRNA_pseudogene	25715041	25715169	-	129
ENSG00000133454	MYO18B	protein_coding	25742144	26031045	+	288902
ENSG00000278960	ENSG00000278960	lncRNA	25756318	25756669	-	352
ENSG00000231933	MYO18B-AS1	lncRNA	25876854	25903247	-	26394
ENSG00000232464	ENSG00000232464	lncRNA	25959074	25983526	-	24453
ENSG00000223056	RN7SKP169	misc_RNA	25963983	25964273	-	291
ENSG00000232050	ENSG00000232050	processed_pseudogene	26006389	26006532	-	144
ENSG00000306790	ENSG00000306790	lncRNA	26056361	26057341	+	981
ENSG00000236464	LINC02559	lncRNA	26068864	26164303	+	95440
ENSG00000309274	ENSG00000309274	lncRNA	26091168	26098643	+	7476
ENSG00000229770	ENSG00000229770	lncRNA	26161903	26169610	-	7708
ENSG00000100095	SEZ6L	protein_coding	26169462	26383597	+	214136
ENSG00000224192	SEZ6L-AS1	lncRNA	26241331	26254092	-	12762
ENSG00000252267	RNA5SP495	rRNA_pseudogene	26390667	26390776	-	110
ENSG00000230203	RPS3AP55	processed_pseudogene	26422071	26423193	-	1123
ENSG00000128203	ASPHD2	protein_coding	26428729	26445015	+	16287
ENSG00000100099	HPS4	protein_coding	26443107	26483931	-	40825
ENSG00000307305	ENSG00000307305	lncRNA	26445445	26451322	+	5878
ENSG00000100104	SRRD	protein_coding	26483877	26494658	+	10782
ENSG00000100109	TFIP11	protein_coding	26490988	26512505	-	21518
ENSG00000261188	TFIP11-DT	lncRNA	26512503	26516383	+	3881
ENSG00000128294	TPST2	protein_coding	26521996	26596717	-	74722
ENSG00000296814	ENSG00000296814	lncRNA	26525087	26525574	+	488
ENSG00000221760	MIR548J	miRNA	26555212	26555323	-	112
ENSG00000299773	ENSG00000299773	lncRNA	26557237	26561624	+	4388
ENSG00000213707	HMGB1P10	transcribed_processed_pseudogene	26560526	26561088	+	563
ENSG00000286326	ENSG00000286326	lncRNA	26590220	26611453	+	21234
ENSG00000100122	CRYBB1	protein_coding	26599277	26619630	-	20354
ENSG00000196431	CRYBA4	protein_coding	26621963	26630669	+	8707
ENSG00000309298	ENSG00000309298	lncRNA	26632009	26647837	-	15829
ENSG00000226912	ISCA2P1	processed_pseudogene	26644889	26645336	-	448
ENSG00000244625	MIATNB	lncRNA	26646363	27004694	+	358332
ENSG00000225783	MIAT	lncRNA	26646411	26676478	+	30068
ENSG00000278404	ENSG00000278404	misc_RNA	26657521	26657655	+	135
ENSG00000206028	ENSG00000206028	lncRNA	26667693	26672997	-	5305
ENSG00000277941	ENSG00000277941	misc_RNA	26671402	26671550	+	149
ENSG00000275942	ENSG00000275942	misc_RNA	26672164	26672248	+	85
ENSG00000276991	ENSG00000276991	misc_RNA	26673254	26673630	+	377
ENSG00000309348	ENSG00000309348	lncRNA	26783581	26784399	-	819
ENSG00000231369	RPL15P22	processed_pseudogene	26886909	26887548	-	640
ENSG00000279440	ENSG00000279440	lncRNA	27019369	27024550	+	5182
ENSG00000308315	ENSG00000308315	lncRNA	27020663	27023389	-	2727
ENSG00000200443	RNU6-1066P	snRNA	27035887	27035991	+	105
ENSG00000279914	ENSG00000279914	lncRNA	27040197	27041494	+	1298
ENSG00000279848	ENSG00000279848	lncRNA	27044001	27045315	+	1315
ENSG00000236858	ENSG00000236858	lncRNA	27048144	27061247	-	13104
ENSG00000280025	ENSG00000280025	lncRNA	27102766	27107019	+	4254
ENSG00000300936	ENSG00000300936	lncRNA	27106106	27124756	-	18651
ENSG00000300959	ENSG00000300959	lncRNA	27124499	27125239	+	741
ENSG00000231405	ENSG00000231405	lncRNA	27143478	27159878	+	16401
ENSG00000233521	LINC01638	lncRNA	27159861	27225134	-	65274
ENSG00000304686	ENSG00000304686	lncRNA	27187520	27189216	+	1697
ENSG00000238195	ENSG00000238195	lncRNA	27195232	27205126	+	9895
ENSG00000299465	ENSG00000299465	lncRNA	27259047	27259851	+	805
ENSG00000233574	ENSG00000233574	lncRNA	27276212	27286349	+	10138
ENSG00000223726	ENSG00000223726	lncRNA	27292307	27318538	-	26232
ENSG00000226741	LINC02554	lncRNA	27307777	27318501	+	10725
ENSG00000302993	ENSG00000302993	lncRNA	27320505	27329372	-	8868
ENSG00000230051	ENSG00000230051	lncRNA	27331616	27379265	+	47650
ENSG00000280445	ENSG00000280445	lncRNA	27377869	27420702	-	42834
ENSG00000287034	ENSG00000287034	lncRNA	27436285	27441778	+	5494
ENSG00000227880	ENSG00000227880	lncRNA	27457125	27460871	-	3747
ENSG00000224027	ENSG00000224027	lncRNA	27507183	27573612	-	66430
ENSG00000307679	ENSG00000307679	lncRNA	27602657	27604882	+	2226
ENSG00000289489	ENSG00000289489	lncRNA	27666516	27669543	-	3028
ENSG00000295865	ENSG00000295865	lncRNA	27674032	27677788	+	3757
ENSG00000295854	ENSG00000295854	lncRNA	27675727	27744761	-	69035
ENSG00000227838	CPMER	lncRNA	27676559	27714970	-	38412
ENSG00000231495	ENSG00000231495	lncRNA	27707580	27709931	+	2352
ENSG00000226169	ENSG00000226169	lncRNA	27716480	27721677	+	5198
ENSG00000295876	ENSG00000295876	lncRNA	27718533	27719179	+	647
ENSG00000295890	ENSG00000295890	lncRNA	27719492	27719757	-	266
ENSG00000169184	MN1	protein_coding	27748277	27801756	-	53480
ENSG00000301405	ENSG00000301405	lncRNA	27780528	27782277	-	1750
ENSG00000299103	ENSG00000299103	lncRNA	27801776	27802058	-	283
ENSG00000308539	ENSG00000308539	lncRNA	27825475	27827927	-	2453
ENSG00000180957	PITPNB	protein_coding	27851669	27920134	-	68466
ENSG00000235954	TTC28-AS1	lncRNA	27919303	28008581	+	89279
ENSG00000277460	ENSG00000277460	misc_RNA	27919384	27919545	+	162
ENSG00000264073	MIR3199-1	miRNA	27920525	27920612	-	88
ENSG00000283225	MIR3199-2	miRNA	27920526	27920611	+	86
ENSG00000276150	ENSG00000276150	misc_RNA	27922022	27922178	+	157
ENSG00000294461	ENSG00000294461	lncRNA	27924290	27933380	-	9091
ENSG00000100154	TTC28	protein_coding	27978014	28679840	-	701827
ENSG00000274342	ENSG00000274342	misc_RNA	27994474	27994654	+	181
ENSG00000276675	ENSG00000276675	misc_RNA	28002484	28002595	+	112
ENSG00000239249	RN7SL757P	misc_RNA	28056153	28056453	-	301
ENSG00000201209	SNORD42	snoRNA	28232756	28232823	-	68
ENSG00000199797	Y_RNA	misc_RNA	28303754	28303850	+	97
ENSG00000276162	MIR5739	miRNA	28459869	28459948	+	80
ENSG00000266503	RN7SL162P	misc_RNA	28642979	28643270	-	292
ENSG00000183765	CHEK2	protein_coding	28687738	28742422	-	54685
ENSG00000100209	HSCB	protein_coding	28742039	28757522	+	15484
ENSG00000295361	ENSG00000295361	lncRNA	28760111	28769779	+	9669
ENSG00000159873	CCDC117	protein_coding	28772674	28789301	+	16628
ENSG00000100219	XBP1	protein_coding	28794555	28800597	-	6043
ENSG00000226471	ENSG00000226471	lncRNA	28800655	28850593	+	49939
ENSG00000272858	ENSG00000272858	lncRNA	28814914	28815662	+	749
ENSG00000224256	BBLNP2	processed_pseudogene	28835893	28836137	-	245
ENSG00000302057	ENSG00000302057	lncRNA	28882598	28884722	-	2125
ENSG00000183579	ZNRF3	protein_coding	28883565	29057488	+	173924
ENSG00000235786	ZNRF3-IT1	lncRNA	28992721	29018620	+	25900
ENSG00000177993	ZNRF3-AS1	lncRNA	29024999	29031533	-	6535
ENSG00000100249	C22orf31	protein_coding	29058672	29061831	-	3160
ENSG00000295282	ENSG00000295282	lncRNA	29062096	29069572	+	7477
ENSG00000183762	KREMEN1	protein_coding	29072950	29168333	+	95384
ENSG00000226772	ENSG00000226772	lncRNA	29099041	29111683	-	12643
ENSG00000200871	RNU6-810P	snRNA	29134014	29134120	+	107
ENSG00000251952	RNU6-1219P	snRNA	29191697	29191808	-	112
ENSG00000186998	EMID1	protein_coding	29205809	29259598	+	53790
ENSG00000100263	RHBDD3	protein_coding	29259852	29268221	-	8370
ENSG00000237015	ENSG00000237015	lncRNA	29260889	29262037	+	1149
ENSG00000182944	EWSR1	protein_coding	29268009	29300530	+	32522
ENSG00000301612	ENSG00000301612	lncRNA	29296528	29315981	-	19454
ENSG00000185340	GAS2L1	protein_coding	29306394	29312787	+	6394
ENSG00000100276	RASL10A	protein_coding	29312933	29319679	-	6747
ENSG00000273216	ENSG00000273216	lncRNA	29316744	29317220	-	477
ENSG00000100280	AP1B1	protein_coding	29327680	29388612	-	60933
ENSG00000280968	ENSG00000280968	miRNA	29333158	29333267	-	110
ENSG00000239127	SNORD125	snoRNA	29333163	29333258	-	96
ENSG00000290778	ENSG00000290778	lncRNA	29361068	29435188	+	74121
ENSG00000285697	ENSG00000285697	transcribed_unprocessed_pseudogene	29406803	29410767	+	3965
ENSG00000225465	RFPL1S	lncRNA	29409067	29478923	-	69857
ENSG00000242156	ENSG00000242156	transcribed_unprocessed_pseudogene	29419155	29423193	-	4039
ENSG00000278292	RFPL4AP6	transcribed_unprocessed_pseudogene	29432944	29435005	+	2062
ENSG00000128250	RFPL1	protein_coding	29438583	29442455	+	3873
ENSG00000100285	NEFH	protein_coding	29480218	29491390	+	11173
ENSG00000282816	ENSG00000282816	lncRNA	29480220	29481113	-	894
ENSG00000100296	THOC5	protein_coding	29505879	29555216	-	49338
ENSG00000234208	ENSG00000234208	lncRNA	29513889	29535390	-	21502
ENSG00000184117	NIPSNAP1	protein_coding	29554808	29581327	-	26520
ENSG00000296836	ENSG00000296836	lncRNA	29593785	29597475	-	3691
ENSG00000186575	NF2	protein_coding	29603546	29698598	+	95053
ENSG00000233010	RPEP4	processed_pseudogene	29608900	29609501	+	602
ENSG00000232396	CABP7-DT	lncRNA	29705256	29719926	-	14671
ENSG00000100314	CABP7	protein_coding	29720003	29731833	+	11831
ENSG00000100319	ZMAT5	protein_coding	29728138	29767084	-	38947
ENSG00000200976	Y_RNA	misc_RNA	29758758	29758859	+	102
ENSG00000287967	ENSG00000287967	lncRNA	29767091	29768096	-	1006
ENSG00000184076	UQCR10	protein_coding	29767369	29770413	+	3045
ENSG00000299803	ENSG00000299803	lncRNA	29769522	29782188	-	12667
ENSG00000100325	ASCC2	protein_coding	29788608	29838304	-	49697
ENSG00000100330	MTMR3	protein_coding	29883141	30030868	+	147728
ENSG00000207455	RNU6-331P	snRNA	29899587	29899693	-	107
ENSG00000275818	MIR6818	miRNA	30007049	30007113	+	65
ENSG00000227117	HORMAD2-AS1	lncRNA	30008740	30080480	-	71741
ENSG00000227201	CNN2P1	processed_pseudogene	30046276	30047193	-	918
ENSG00000176635	HORMAD2	protein_coding	30080464	30177075	+	96612
ENSG00000226573	RPL36P17	processed_pseudogene	30105094	30105408	-	315
ENSG00000225971	RPS3AP51	processed_pseudogene	30136673	30137681	-	1009
ENSG00000299076	ENSG00000299076	lncRNA	30157549	30167922	-	10374
ENSG00000225676	ENSG00000225676	lncRNA	30182818	30207255	-	24438
ENSG00000299104	ENSG00000299104	lncRNA	30196958	30198034	+	1077
ENSG00000299123	ENSG00000299123	lncRNA	30209604	30210403	-	800
ENSG00000289846	ENSG00000289846	lncRNA	30216407	30216802	-	396
ENSG00000232530	LIF-AS1	lncRNA	30238784	30240556	+	1773
ENSG00000128342	LIF	protein_coding	30240453	30246759	-	6307
ENSG00000268812	LIF-AS2	lncRNA	30246205	30246998	+	794
ENSG00000099985	OSM	protein_coding	30262829	30266851	-	4023
ENSG00000307596	ENSG00000307596	lncRNA	30266877	30267283	-	407
ENSG00000307561	ENSG00000307561	lncRNA	30269689	30284363	-	14675
ENSG00000289888	ENSG00000289888	lncRNA	30271079	30272071	+	993
ENSG00000279699	ENSG00000279699	TEC	30275215	30276951	-	1737
ENSG00000308679	ENSG00000308679	lncRNA	30284434	30284796	-	363
ENSG00000239282	CASTOR1	protein_coding	30285114	30289694	-	4581
ENSG00000248751	ENSG00000248751	protein_coding	30285238	30299482	-	14245
ENSG00000099992	TBC1D10A	protein_coding	30291990	30326947	-	34958
ENSG00000099995	SF3A1	protein_coding	30331988	30356919	-	24932
ENSG00000187860	CCDC157	protein_coding	30356635	30378673	+	22039
ENSG00000099999	RNF215	protein_coding	30368811	30421771	-	52961
ENSG00000100003	SEC14L2	protein_coding	30396941	30425303	+	28363
ENSG00000249590	ENSG00000249590	protein_coding	30409255	30428990	+	19736
ENSG00000273350	ENSG00000273350	lncRNA	30420512	30420912	+	401
ENSG00000222915	RNU6-564P	snRNA	30421045	30421148	+	104
ENSG00000272689	ENSG00000272689	lncRNA	30421206	30421536	-	331
ENSG00000303189	ENSG00000303189	lncRNA	30423830	30424211	-	382
ENSG00000242114	MTFP1	protein_coding	30425623	30429054	+	3432
ENSG00000273428	ENSG00000273428	lncRNA	30432686	30436245	+	3560
ENSG00000230137	SLC39A1P1	processed_pseudogene	30439837	30440318	+	482
ENSG00000100012	SEC14L3	protein_coding	30447959	30472056	-	24098
ENSG00000181123	ENSG00000181123	lncRNA	30475233	30492804	+	17572
ENSG00000214161	SDC4P	processed_pseudogene	30481311	30481911	-	601
ENSG00000133488	SEC14L4	protein_coding	30488902	30505711	-	16810
ENSG00000304489	ENSG00000304489	lncRNA	30506594	30514381	+	7788
ENSG00000214491	SEC14L6	protein_coding	30522799	30546741	-	23943
ENSG00000304318	ENSG00000304318	lncRNA	30537560	30538732	+	1173
ENSG00000225774	SIRPAP1	processed_pseudogene	30542536	30544305	+	1770
ENSG00000128242	GAL3ST1	protein_coding	30554632	30576210	-	21579
ENSG00000100029	PES1	protein_coding	30576625	30607083	-	30459
ENSG00000223831	PES1-AS1	lncRNA	30598309	30606687	+	8379
ENSG00000185339	TCN2	protein_coding	30607003	30627631	+	20629
ENSG00000100036	SLC35E4	protein_coding	30635781	30669016	+	33236
ENSG00000167065	DUSP18	protein_coding	30652051	30667887	-	15837
ENSG00000250318	RPL13AP26	unprocessed_pseudogene	30653877	30654814	-	938
ENSG00000288153	ENSG00000288153	unprocessed_pseudogene	30664961	30674134	+	9174
ENSG00000184792	OSBP2	protein_coding	30693782	30907824	+	214043
ENSG00000264661	MIR3200	miRNA	30731557	30731641	+	85
ENSG00000297138	ENSG00000297138	lncRNA	30872270	30877082	-	4813
ENSG00000237977	EIF4HP2	processed_pseudogene	30902219	30902781	+	563
ENSG00000294008	ENSG00000294008	lncRNA	30902237	30922261	-	20025
ENSG00000235989	MORC2-AS1	lncRNA	30922294	30932449	+	10156
ENSG00000133422	MORC2	protein_coding	30925130	30969082	-	43953
ENSG00000253352	TUG1	protein_coding	30969245	30979395	+	10151
ENSG00000276664	ENSG00000276664	misc_RNA	30971005	30971149	+	145
ENSG00000276057	ENSG00000276057	misc_RNA	30971296	30971382	+	87
ENSG00000276965	ENSG00000276965	misc_RNA	30972857	30973093	+	237
ENSG00000275307	ENSG00000275307	misc_RNA	30973417	30973597	+	181
ENSG00000269987	ENSG00000269987	lncRNA	30976515	30978848	-	2334
ENSG00000269972	ENSG00000269972	lncRNA	30977516	30977858	-	343
ENSG00000308799	ENSG00000308799	lncRNA	30990425	30992650	-	2226
ENSG00000278920	ENSG00000278920	lncRNA	31051630	31068327	+	16698
ENSG00000240186	RN7SL633P	misc_RNA	31059989	31060285	+	297
ENSG00000183963	SMTN	protein_coding	31064105	31104757	+	40653
ENSG00000273387	ENSG00000273387	lncRNA	31082156	31083565	-	1410
ENSG00000198832	SELENOM	protein_coding	31104772	31120069	-	15298
ENSG00000235573	RPS15AP37	processed_pseudogene	31113017	31113396	+	380
ENSG00000185133	INPP5J	protein_coding	31122731	31134697	+	11967
ENSG00000100078	PLA2G3	protein_coding	31134765	31140508	-	5744
ENSG00000307556	ENSG00000307556	lncRNA	31142563	31150286	+	7724
ENSG00000214125	SNRPNP2	processed_pseudogene	31155966	31156647	-	682
ENSG00000264141	MIR3928	miRNA	31160062	31160119	-	58
ENSG00000138942	RNF185	protein_coding	31160158	31207019	+	46862
ENSG00000298545	ENSG00000298545	lncRNA	31204363	31212141	-	7779
ENSG00000254835	RNF185-AS1	lncRNA	31205264	31205616	-	353
ENSG00000182541	LIMK2	protein_coding	31212193	31280964	+	68772
ENSG00000199695	RNU6-1128P	snRNA	31222745	31222853	-	109
ENSG00000202019	Y_RNA	misc_RNA	31230071	31230172	-	102
ENSG00000100100	PIK3IP1	protein_coding	31281594	31292534	-	10941
ENSG00000228839	PIK3IP1-DT	lncRNA	31292499	31338021	+	45523
ENSG00000294819	ENSG00000294819	lncRNA	31292859	31293840	-	982
ENSG00000212542	RNA5SP496	rRNA_pseudogene	31305404	31305512	+	109
ENSG00000100105	PATZ1	protein_coding	31325804	31346605	-	20802
ENSG00000213888	LINC01521	lncRNA	31346745	31348719	+	1975
ENSG00000206615	RNU6-338P	snRNA	31388733	31388837	-	105
ENSG00000185721	DRG1	protein_coding	31399560	31528740	+	129181
ENSG00000184708	EIF4ENIF1	protein_coding	31436977	31497047	-	60071
ENSG00000240591	ENSG00000240591	lncRNA	31452881	31464304	+	11424
ENSG00000199248	RNU6-28P	snRNA	31479383	31479489	-	107
ENSG00000198089	SFI1	protein_coding	31488688	31618588	+	129901
ENSG00000287817	ENSG00000287817	lncRNA	31490150	31491022	+	873
ENSG00000233733	H2AZP6	processed_pseudogene	31521199	31521592	-	394
ENSG00000229169	RPS26P59	processed_pseudogene	31538352	31538589	-	238
ENSG00000214093	RPS18P14	processed_pseudogene	31559483	31559939	+	457
ENSG00000296570	ENSG00000296570	lncRNA	31586699	31593440	-	6742
ENSG00000241878	PISD	protein_coding	31618489	31662239	-	43751
ENSG00000284082	MIR7109	miRNA	31621467	31621531	-	65
ENSG00000183530	PRR14L	protein_coding	31676256	31750207	-	73952
ENSG00000100150	DEPDC5	protein_coding	31753867	31908033	+	154167
ENSG00000285404	ENSG00000285404	protein_coding	31754899	31956243	+	201345
ENSG00000242251	RN7SL20P	misc_RNA	31757202	31757498	+	297
ENSG00000236132	RPL17P52	processed_pseudogene	31816379	31817491	-	1113
ENSG00000252909	RNU6-201P	snRNA	31837238	31837298	+	61
ENSG00000227813	ENSG00000227813	processed_pseudogene	31890344	31891434	-	1091
ENSG00000298701	ENSG00000298701	lncRNA	31893262	31895617	-	2356
ENSG00000128254	YWHAH-AS1	lncRNA	31907140	31945518	-	38379
ENSG00000306617	ENSG00000306617	lncRNA	31927208	31927584	+	377
ENSG00000128245	YWHAH	protein_coding	31944522	31957603	+	13082
ENSG00000227519	ENSG00000227519	lncRNA	31963357	31970400	+	7044
ENSG00000230866	LINC02558	lncRNA	31970817	32037995	+	67179
ENSG00000240647	RN7SL305P	misc_RNA	31981147	31981427	-	281
ENSG00000232346	RPS17P16	processed_pseudogene	32039490	32039896	+	407
ENSG00000100170	SLC5A1	protein_coding	32043050	32113029	+	69980
ENSG00000300724	ENSG00000300724	lncRNA	32114899	32121669	-	6771
ENSG00000290475	AP1B1P1	lncRNA	32121931	32143398	+	21468
ENSG00000237439	ENSG00000237439	transcribed_unprocessed_pseudogene	32129689	32130612	+	924
ENSG00000234479	AP1B1P1	transcribed_unprocessed_pseudogene	32132317	32132507	+	191
ENSG00000232707	AP1B1P2	unprocessed_pseudogene	32134028	32134133	+	106
ENSG00000205856	C22orf42	protein_coding	32149006	32159322	-	10317
ENSG00000230120	ENSG00000230120	lncRNA	32159454	32160392	-	939
ENSG00000275656	ENSG00000275656	misc_RNA	32188400	32188487	-	88
ENSG00000128253	RFPL2	protein_coding	32190435	32205073	-	14639
ENSG00000254127	IGLCOR22-1	IG_C_pseudogene	32199919	32200234	+	316
ENSG00000242082	SLC5A4-AS1	lncRNA	32205115	32278382	+	73268
ENSG00000100191	SLC5A4	protein_coding	32218464	32255347	-	36884
ENSG00000289873	ENSG00000289873	lncRNA	32265891	32355071	-	89181
ENSG00000214076	CPSF1P1	transcribed_processed_pseudogene	32269381	32273110	+	3730
ENSG00000273325	ENSG00000273325	lncRNA	32284683	32285131	+	449
ENSG00000234626	ENSG00000234626	lncRNA	32327064	32343105	-	16042
ENSG00000128276	RFPL3	protein_coding	32354885	32361161	+	6277
ENSG00000271093	IGLCOR22-2	IG_C_pseudogene	32356676	32356988	-	313
ENSG00000205853	RFPL3S	lncRNA	32359886	32382106	-	22221
ENSG00000274617	ENSG00000274617	misc_RNA	32362972	32363059	+	88
ENSG00000274170	ENSG00000274170	misc_RNA	32368497	32368567	+	71
ENSG00000230736	ENSG00000230736	lncRNA	32376664	32384343	+	7680
ENSG00000243519	IGLVIVOR22-2	IG_V_pseudogene	32376682	32377135	+	454
ENSG00000241954	ENSG00000241954	lncRNA	32383786	32385631	+	1846
ENSG00000232218	RGL4P1	unprocessed_pseudogene	32386668	32386868	+	201
ENSG00000100220	RTCB	protein_coding	32387576	32412265	-	24690
ENSG00000295501	ENSG00000295501	lncRNA	32412315	32427241	+	14927
ENSG00000184459	BPIFC	protein_coding	32413845	32464484	-	50640
ENSG00000100225	FBXO7	protein_coding	32474676	32498831	+	24156
ENSG00000185666	SYN3	protein_coding	32507820	33058381	-	550562
ENSG00000299801	ENSG00000299801	lncRNA	32532837	32534993	+	2157
ENSG00000236054	SYN3-AS1	lncRNA	32580121	32584204	+	4084
ENSG00000299145	ENSG00000299145	lncRNA	32604646	32607751	+	3106
ENSG00000251890	RNA5SP497	rRNA_pseudogene	32635102	32635198	-	97
ENSG00000309773	ENSG00000309773	lncRNA	32641197	32655339	+	14143
ENSG00000229673	ENSG00000229673	lncRNA	32783177	32784982	+	1806
ENSG00000100234	TIMP3	protein_coding	32801576	32863042	+	61467
ENSG00000228194	ETFRF1P1	processed_pseudogene	33014980	33015461	+	482
ENSG00000300892	ENSG00000300892	lncRNA	33025593	33052539	-	26947
ENSG00000295622	ENSG00000295622	lncRNA	33066663	33074030	-	7368
ENSG00000231253	LINC01640	lncRNA	33071166	33145897	+	74732
ENSG00000228622	ENSG00000228622	lncRNA	33105383	33106059	-	677
ENSG00000233632	ENSG00000233632	processed_pseudogene	33137140	33137338	+	199
ENSG00000133424	LARGE1	protein_coding	33162226	33922885	-	760660
ENSG00000232073	ENSG00000232073	lncRNA	33164063	33166439	+	2377
ENSG00000295601	ENSG00000295601	lncRNA	33203493	33218330	+	14838
ENSG00000230741	ENSG00000230741	lncRNA	33320865	33322813	+	1949
ENSG00000302643	ENSG00000302643	lncRNA	33334568	33335616	+	1049
ENSG00000266012	MIR4764	miRNA	33436582	33436669	-	88
ENSG00000253007	SNORA50B	snoRNA	33704786	33704920	-	135
ENSG00000281295	ENSG00000281295	snoRNA	33704786	33704922	-	137
ENSG00000232081	LARGE-IT1	lncRNA	33723832	33724912	-	1081
ENSG00000224973	LARGE-AS1	lncRNA	33725007	33750843	+	25837
ENSG00000273082	LARGE1-AS1	lncRNA	33921211	33923049	+	1839
ENSG00000236052	LINC01643	lncRNA	34017402	34218796	+	201395
ENSG00000304411	ENSG00000304411	lncRNA	34102433	34105677	-	3245
ENSG00000224404	ENSG00000224404	lncRNA	34191194	34210663	-	19470
ENSG00000302840	ENSG00000302840	lncRNA	34262017	34288263	+	26247
ENSG00000302858	ENSG00000302858	lncRNA	34277105	34284837	-	7733
ENSG00000296466	ENSG00000296466	lncRNA	34349633	34363204	-	13572
ENSG00000235485	ACO2P1	processed_pseudogene	34589085	34591278	-	2194
ENSG00000297940	ENSG00000297940	lncRNA	34629000	34633677	-	4678
ENSG00000280356	ENSG00000280356	lncRNA	34629432	34665933	+	36502
ENSG00000234891	ENSG00000234891	lncRNA	34703126	34704885	-	1760
ENSG00000237316	ENSG00000237316	lncRNA	34711569	34724919	-	13351
ENSG00000286592	LINC02885	lncRNA	34756665	35002862	-	246198
ENSG00000175329	ISX	protein_coding	35066136	35087392	+	21257
ENSG00000293220	LINC01399	lncRNA	35075867	35231064	-	155198
ENSG00000273068	ENSG00000273068	lncRNA	35122661	35127419	+	4759
ENSG00000238153	ENSG00000238153	processed_pseudogene	35164304	35165347	+	1044
ENSG00000233080	LINC01399	transcribed_processed_pseudogene	35194699	35194942	-	244
ENSG00000303430	ENSG00000303430	lncRNA	35232631	35258387	-	25757
ENSG00000303454	ENSG00000303454	lncRNA	35241465	35255753	+	14289
ENSG00000238584	RNU7-167P	snRNA	35249772	35249833	+	62
ENSG00000100281	HMGXB4	protein_coding	35257452	35295807	+	38356
ENSG00000273176	ENSG00000273176	lncRNA	35298838	35299541	-	704
ENSG00000100284	TOM1	protein_coding	35299275	35347995	+	48721
ENSG00000266320	MIR3909	miRNA	35335640	35335758	+	119
ENSG00000274280	MIR6069	miRNA	35336721	35336799	-	79
ENSG00000282602	ENSG00000282602	lncRNA	35372174	35372621	+	448
ENSG00000282041	ENSG00000282041	lncRNA	35376422	35377261	+	840
ENSG00000100292	HMOX1	protein_coding	35380361	35394214	+	13854
ENSG00000100297	MCM5	protein_coding	35400123	35425431	+	25309
ENSG00000233388	TRMT112P8	processed_pseudogene	35501861	35503586	-	1726
ENSG00000273044	ENSG00000273044	lncRNA	35526932	35527415	+	484
ENSG00000100302	RASD2	protein_coding	35539796	35554003	+	14208
ENSG00000304364	ENSG00000304364	lncRNA	35563570	35587706	-	24137
ENSG00000304386	ENSG00000304386	lncRNA	35591913	35598380	+	6468
ENSG00000288777	ENSG00000288777	lncRNA	35603958	35604880	-	923
ENSG00000198125	MB	protein_coding	35606764	35637951	-	31188
ENSG00000268818	ENSG00000268818	lncRNA	35626988	35635134	-	8147
ENSG00000221963	APOL6	protein_coding	35648386	35668404	+	20019
ENSG00000228587	ENSG00000228587	lncRNA	35685940	35689373	+	3434
ENSG00000226336	MRPS16P3	processed_pseudogene	35703803	35704176	+	374
ENSG00000128313	APOL5	protein_coding	35717872	35729483	+	11612
ENSG00000100320	RBFOX2	protein_coding	35738736	36028824	-	290089
ENSG00000294483	ENSG00000294483	lncRNA	35834402	35836801	+	2400
ENSG00000294512	ENSG00000294512	lncRNA	35838259	35839935	-	1677
ENSG00000293594	ENSG00000293594	transcribed_processed_pseudogene	35838583	35838657	-	75
ENSG00000237406	NDUFA9P1	processed_pseudogene	35897270	35898404	-	1135
ENSG00000279652	ENSG00000279652	lncRNA	35992321	36000469	+	8149
ENSG00000299784	ENSG00000299784	lncRNA	36030589	36038797	+	8209
ENSG00000307640	ENSG00000307640	lncRNA	36056391	36066064	-	9674
ENSG00000279927	ENSG00000279927	lncRNA	36066533	36070110	+	3578
ENSG00000279217	ENSG00000279217	lncRNA	36071000	36085573	+	14574
ENSG00000279714	ENSG00000279714	lncRNA	36091148	36093352	+	2205
ENSG00000304491	ENSG00000304491	lncRNA	36133017	36135553	-	2537
ENSG00000279805	ENSG00000279805	TEC	36137430	36139350	-	1921
ENSG00000128284	APOL3	protein_coding	36139792	36166177	-	26386
ENSG00000233764	MTCO1P20	processed_pseudogene	36172422	36172779	+	358
ENSG00000231576	MTCO2P20	processed_pseudogene	36172934	36173948	+	1015
ENSG00000237948	MTATP6P20	processed_pseudogene	36174261	36174822	+	562
ENSG00000225557	MTCO3P20	processed_pseudogene	36175167	36175854	+	688
ENSG00000237129	MTCYBP34	processed_pseudogene	36175857	36176526	+	670
ENSG00000229088	MTND1P10	processed_pseudogene	36178554	36179385	+	832
ENSG00000100336	APOL4	protein_coding	36189124	36204840	-	15717
ENSG00000288778	ENSG00000288778	lncRNA	36220535	36222148	+	1614
ENSG00000128335	APOL2	protein_coding	36226209	36239954	-	13746
ENSG00000100342	APOL1	protein_coding	36253071	36267530	+	14460
ENSG00000100345	MYH9	protein_coding	36281279	36388010	-	106732
ENSG00000278420	MIR6819	miRNA	36286847	36286907	-	61
ENSG00000287269	ENSG00000287269	lncRNA	36335217	36343530	+	8314
ENSG00000223695	MYH9-DT	lncRNA	36387774	36424052	+	36279
ENSG00000237668	RPS15AP38	processed_pseudogene	36421273	36421644	-	372
ENSG00000252225	Y_RNA	misc_RNA	36440880	36440970	-	91
ENSG00000228719	ENSG00000228719	lncRNA	36445067	36462247	-	17181
ENSG00000297762	ENSG00000297762	lncRNA	36465701	36466416	+	716
ENSG00000100348	TXN2	protein_coding	36466895	36482072	-	15178
ENSG00000294928	ENSG00000294928	lncRNA	36471206	36472146	+	941
ENSG00000100350	FOXRED2	protein_coding	36487190	36507221	-	20032
ENSG00000100353	EIF3D	protein_coding	36510850	36529245	-	18396
ENSG00000302270	ENSG00000302270	lncRNA	36525246	36528109	+	2864
ENSG00000188078	ENSG00000188078	unprocessed_pseudogene	36536656	36537604	-	949
ENSG00000229971	ENSG00000229971	lncRNA	36552165	36552700	+	536
ENSG00000166862	CACNG2	protein_coding	36560857	36703752	-	142896
ENSG00000261675	ENSG00000261675	lncRNA	36560870	36562915	-	2046
ENSG00000234688	CACNG2-DT	lncRNA	36703577	36753050	+	49474
ENSG00000287773	ENSG00000287773	lncRNA	36754086	36755731	-	1646
ENSG00000100360	IFT27	protein_coding	36758202	36776309	-	18108
ENSG00000286485	ENSG00000286485	lncRNA	36766478	36769022	+	2545
ENSG00000100362	PVALB	protein_coding	36800682	36819479	-	18798
ENSG00000234979	ENSG00000234979	lncRNA	36816326	36819736	+	3411
ENSG00000183822	NCF4-AS1	lncRNA	36847367	36870486	-	23120
ENSG00000100365	NCF4	protein_coding	36860988	36878017	+	17030
ENSG00000309920	ENSG00000309920	lncRNA	36888030	36902025	-	13996
ENSG00000304449	ENSG00000304449	lncRNA	36911035	36926023	-	14989
ENSG00000100368	CSF2RB	protein_coding	36913628	36940443	+	26816
ENSG00000309254	ENSG00000309254	lncRNA	36950084	36954665	-	4582
ENSG00000232254	CSF2RBP1	transcribed_unprocessed_pseudogene	36950529	36953723	-	3195
ENSG00000304026	ENSG00000304026	lncRNA	36957765	36963497	-	5733
ENSG00000215403	LL22NC01-81G9.3	lncRNA	36965248	36968172	+	2925
ENSG00000185264	CIMIP4	protein_coding	36991120	37007851	-	16732
ENSG00000128311	TST	protein_coding	37010859	37024797	-	13939
ENSG00000252412	Y_RNA	misc_RNA	37013225	37013319	+	95
ENSG00000128309	MPST	protein_coding	37019635	37029822	+	10188
ENSG00000287236	ENSG00000287236	lncRNA	37033082	37035517	+	2436
ENSG00000306187	ENSG00000306187	lncRNA	37043858	37051314	-	7457
ENSG00000100379	KCTD17	protein_coding	37051739	37063390	+	11652
ENSG00000201078	RN7SKP214	misc_RNA	37055033	37055347	-	315
ENSG00000187045	TMPRSS6	protein_coding	37065005	37110890	-	45886
ENSG00000231467	ENSG00000231467	lncRNA	37080068	37082847	+	2780
ENSG00000294412	ENSG00000294412	lncRNA	37109686	37110676	+	991
ENSG00000100385	IL2RB	protein_coding	37118666	37176676	-	58011
ENSG00000235237	IL2RB-AS1	lncRNA	37166743	37182931	+	16189
ENSG00000133466	C1QTNF6	protein_coding	37180166	37199385	-	19220
ENSG00000294472	ENSG00000294472	lncRNA	37202652	37203900	-	1249
ENSG00000278195	SSTR3	protein_coding	37204237	37212477	-	8241
ENSG00000226233	RPL39P41	processed_pseudogene	37215738	37215891	-	154
ENSG00000128340	RAC2	protein_coding	37225270	37259594	-	34325
ENSG00000296310	ENSG00000296310	lncRNA	37266176	37274650	-	8475
ENSG00000100055	CYTH4	protein_coding	37282027	37315346	+	33320
ENSG00000298470	ENSG00000298470	lncRNA	37291179	37337357	-	46179
ENSG00000298537	ENSG00000298537	lncRNA	37318887	37324490	+	5604
ENSG00000298513	ENSG00000298513	lncRNA	37334637	37340504	+	5868
ENSG00000243902	ELFN2	lncRNA	37339565	37427445	-	87881
ENSG00000237862	ENSG00000237862	lncRNA	37339569	37355297	-	15729
ENSG00000166897	ELFN2	protein_coding	37367960	37427479	-	59520
ENSG00000272694	ENSG00000272694	lncRNA	37371684	37372858	+	1175
ENSG00000298484	ENSG00000298484	lncRNA	37427212	37459110	+	31899
ENSG00000100060	MFNG	protein_coding	37469063	37486402	-	17340
ENSG00000100065	CARD10	protein_coding	37490362	37519542	-	29181
ENSG00000305681	ENSG00000305681	lncRNA	37522752	37546136	-	23385
ENSG00000225867	ENSG00000225867	lncRNA	37549972	37551735	+	1764
ENSG00000128283	CDC42EP1	protein_coding	37555112	37569764	+	14653
ENSG00000100079	LGALS2	protein_coding	37570248	37582616	-	12369
ENSG00000273866	Metazoa_SRP	misc_RNA	37578669	37578922	+	254
ENSG00000310096	ENSG00000310096	lncRNA	37601940	37602722	+	783
ENSG00000298665	ENSG00000298665	lncRNA	37603925	37608705	-	4781
ENSG00000100083	GGA1	protein_coding	37608474	37633564	+	25091
ENSG00000100092	SH3BP1	protein_coding	37634654	37656117	+	21464
ENSG00000285304	ENSG00000285304	protein_coding	37639693	37666932	+	27240
ENSG00000233360	PDXP-DT	lncRNA	37641832	37658377	-	16546
ENSG00000241360	PDXP	protein_coding	37658723	37666932	+	8210
ENSG00000241333	RN7SL385P	misc_RNA	37669464	37669739	-	276
ENSG00000100097	LGALS1	protein_coding	37675636	37679805	+	4170
ENSG00000302134	ENSG00000302134	lncRNA	37676833	37677284	-	452
ENSG00000273899	NOL12	protein_coding	37681673	37693476	+	11804
ENSG00000100101	ENSG00000100101	protein_coding	37686414	37726503	+	40090
ENSG00000100106	TRIOBP	protein_coding	37697048	37776556	+	79509
ENSG00000307365	ENSG00000307365	lncRNA	37744310	37751839	-	7530
ENSG00000189060	H1-0	protein_coding	37805229	37807432	+	2204
ENSG00000100116	GCAT	protein_coding	37807872	37817386	+	9515
ENSG00000128310	GALR3	protein_coding	37822198	37825485	+	3288
ENSG00000100124	ANKRD54	protein_coding	37830853	37849327	-	18475
ENSG00000284197	MIR658	miRNA	37844272	37844371	-	100
ENSG00000207696	MIR659	miRNA	37847678	37847774	-	97
ENSG00000100129	EIF3L	protein_coding	37848868	37889407	+	40540
ENSG00000279738	ENSG00000279738	lncRNA	37876148	37895563	+	19416
ENSG00000296723	ENSG00000296723	lncRNA	37885364	37895450	-	10087
ENSG00000207227	RNU6-900P	snRNA	37891347	37891448	+	102
ENSG00000100139	MICALL1	protein_coding	37905657	37942822	+	37166
ENSG00000278948	ENSG00000278948	TEC	37943050	37944898	+	1849
ENSG00000128346	C22orf23	protein_coding	37943050	37953669	-	10620
ENSG00000272582	ENSG00000272582	lncRNA	37950965	37951778	+	814
ENSG00000100142	POLR2F	protein_coding	37952607	38041915	+	89309
ENSG00000284289	MIR6820	miRNA	37967563	37967624	+	62
ENSG00000100146	SOX10	protein_coding	37970686	37987422	-	16737
ENSG00000284266	MIR4534	miRNA	37988794	37988853	+	60
ENSG00000222044	ENSG00000222044	lncRNA	38032165	38034228	-	2064
ENSG00000273214	ENSG00000273214	lncRNA	38043230	38043920	+	691
ENSG00000100151	PICK1	protein_coding	38056311	38075719	+	19409
ENSG00000233739	ENSG00000233739	lncRNA	38057180	38073940	-	16761
ENSG00000100156	SLC16A8	protein_coding	38078134	38084184	-	6051
ENSG00000128298	BAIAP2L2	protein_coding	38084652	38111015	-	26364
ENSG00000272720	ENSG00000272720	lncRNA	38090127	38091559	+	1433
ENSG00000184381	PLA2G6	protein_coding	38111495	38214778	-	103284
ENSG00000279080	ENSG00000279080	lncRNA	38130216	38150612	+	20397
ENSG00000298301	ENSG00000298301	lncRNA	38194270	38203469	-	9200
ENSG00000185022	MAFF	protein_coding	38200767	38216511	+	15745
ENSG00000198792	TMEM184B	protein_coding	38219290	38273805	-	54516
ENSG00000235246	TMEM184B-AS1	lncRNA	38231320	38232248	+	929
ENSG00000241693	RN7SL704P	misc_RNA	38231720	38231993	+	274
ENSG00000277385	Metazoa_SRP	misc_RNA	38281028	38281289	-	262
ENSG00000213923	CSNK1E	protein_coding	38290691	38320044	-	29354
ENSG00000283900	TPTEP2-CSNK1E	protein_coding	38291918	38398522	-	106605
ENSG00000291015	ENSG00000291015	lncRNA	38335300	38398929	-	63630
ENSG00000244627	TPTEP2	transcribed_unprocessed_pseudogene	38361381	38384096	-	22716
ENSG00000229955	ENSG00000229955	lncRNA	38387918	38388857	-	940
ENSG00000286144	ENSG00000286144	lncRNA	38408314	38423933	-	15620
ENSG00000228620	ENSG00000228620	lncRNA	38424288	38432308	+	8021
ENSG00000168135	KCNJ4	protein_coding	38426327	38455639	-	29313
ENSG00000286440	ENSG00000286440	lncRNA	38434307	38436686	+	2380
ENSG00000307538	ENSG00000307538	lncRNA	38441894	38444278	-	2385
ENSG00000306993	ENSG00000306993	lncRNA	38457322	38461677	-	4356
ENSG00000100196	KDELR3	protein_coding	38468043	38483447	+	15405
ENSG00000100201	DDX17	protein_coding	38483438	38507660	-	24223
ENSG00000300440	ENSG00000300440	lncRNA	38506469	38510893	+	4425
ENSG00000100206	DMC1	protein_coding	38518905	38570211	-	51307
ENSG00000300451	ENSG00000300451	lncRNA	38570264	38571213	+	950
ENSG00000224279	RPS29P31	processed_pseudogene	38574931	38575431	-	501
ENSG00000184949	FAM227A	protein_coding	38578118	38656629	-	78512
ENSG00000293718	ENSG00000293718	lncRNA	38654073	38655547	+	1475
ENSG00000100211	CBY1	protein_coding	38656375	38673868	+	17494
ENSG00000230912	ENSG00000230912	lncRNA	38666508	38668750	-	2243
ENSG00000228274	TOMM22-DT	lncRNA	38667585	38681871	-	14287
ENSG00000287219	ENSG00000287219	lncRNA	38675876	38677800	+	1925
ENSG00000100216	TOMM22	protein_coding	38681924	38685421	+	3498
ENSG00000100221	JOSD1	protein_coding	38685543	38701556	-	16014
ENSG00000295107	ENSG00000295107	lncRNA	38704848	38705520	-	673
ENSG00000100226	GTPBP1	protein_coding	38705742	38738299	+	32558
ENSG00000229598	PRDX3P1	processed_pseudogene	38722743	38723505	-	763
ENSG00000100242	SUN2	protein_coding	38733280	38794143	-	60864
ENSG00000244491	ENSG00000244491	lncRNA	38734725	38738765	+	4041
ENSG00000230149	ENSG00000230149	lncRNA	38734730	38738990	+	4261
ENSG00000273096	ENSG00000273096	lncRNA	38736610	38736792	-	183
ENSG00000225450	ENSG00000225450	lncRNA	38739003	38749041	+	10039
ENSG00000272669	ENSG00000272669	lncRNA	38742625	38743115	+	491
ENSG00000273076	ENSG00000273076	lncRNA	38743495	38743910	+	416
ENSG00000100246	DNAL4	protein_coding	38778508	38794198	-	15691
ENSG00000221890	NPTXR	protein_coding	38818452	38844028	-	25577
ENSG00000183741	CBX6	protein_coding	38861422	38872249	-	10828
ENSG00000288106	ENSG00000288106	lncRNA	38871700	38925455	+	53756
ENSG00000128383	APOBEC3A	protein_coding	38952741	38963184	+	10444
ENSG00000305435	ENSG00000305435	lncRNA	38953737	38954063	-	327
ENSG00000305420	ENSG00000305420	lncRNA	38961003	38964043	-	3041
ENSG00000179750	APOBEC3B	protein_coding	38982347	38992804	+	10458
ENSG00000249310	APOBEC3B-AS1	lncRNA	38991559	38998209	-	6651
ENSG00000244509	APOBEC3C	protein_coding	39014224	39020352	+	6129
ENSG00000284554	ENSG00000284554	protein_coding	39014363	39033276	+	18914
ENSG00000243811	APOBEC3D	protein_coding	39021113	39033277	+	12165
ENSG00000306709	ENSG00000306709	lncRNA	39027991	39040693	-	12703
ENSG00000128394	APOBEC3F	protein_coding	39040604	39055972	+	15369
ENSG00000289963	ENSG00000289963	lncRNA	39066256	39069975	+	3720
ENSG00000259421	ENSG00000259421	unprocessed_pseudogene	39070414	39070671	+	258
ENSG00000239713	APOBEC3G	protein_coding	39077059	39087743	+	10685
ENSG00000290922	ENSG00000290922	lncRNA	39091012	39092859	+	1848
ENSG00000225720	ENSG00000225720	transcribed_unprocessed_pseudogene	39091586	39092110	+	525
ENSG00000306155	ENSG00000306155	lncRNA	39096662	39097679	-	1018
ENSG00000100298	APOBEC3H	protein_coding	39097224	39104067	+	6844
ENSG00000100307	CBX7	protein_coding	39120167	39152719	-	32553
ENSG00000226024	COX5BP7	processed_pseudogene	39120293	39120566	-	274
ENSG00000279833	ENSG00000279833	lncRNA	39133090	39136760	+	3671
ENSG00000297177	ENSG00000297177	lncRNA	39144634	39172937	+	28304
ENSG00000297155	ENSG00000297155	lncRNA	39153789	39214609	-	60821
ENSG00000227009	FUNDC2P4	processed_pseudogene	39155525	39155945	+	421
ENSG00000297194	ENSG00000297194	lncRNA	39213283	39214498	+	1216
ENSG00000100311	PDGFB	protein_coding	39223359	39244982	-	21624
ENSG00000284633	ENSG00000284633	lncRNA	39242174	39279897	+	37724
ENSG00000299144	ENSG00000299144	lncRNA	39279061	39302104	-	23044
ENSG00000224794	ENSG00000224794	lncRNA	39292988	39295589	+	2602
ENSG00000299161	ENSG00000299161	lncRNA	39300473	39301041	+	569
ENSG00000295778	ENSG00000295778	lncRNA	39304470	39310161	-	5692
ENSG00000295759	ENSG00000295759	lncRNA	39304529	39310611	+	6083
ENSG00000100316	RPL3	protein_coding	39312870	39320389	-	7520
ENSG00000209480	SNORD83B	snoRNA	39313819	39313911	-	93
ENSG00000209482	SNORD83A	snoRNA	39315213	39315307	-	95
ENSG00000263764	SNORD43	snoRNA	39319050	39319113	-	64
ENSG00000100321	SYNGR1	protein_coding	39349909	39385588	+	35680
ENSG00000280216	ENSG00000280216	TEC	39379610	39380015	+	406
ENSG00000294968	ENSG00000294968	lncRNA	39380073	39388843	-	8771
ENSG00000100324	TAB1	protein_coding	39399778	39437060	+	37283
ENSG00000128268	MGAT3	protein_coding	39447127	39492194	+	45068
ENSG00000227188	MGAT3-AS1	lncRNA	39475807	39476822	-	1016
ENSG00000100335	MIEF1	protein_coding	39499432	39518132	+	18701
ENSG00000303883	ENSG00000303883	lncRNA	39500471	39502160	-	1690
ENSG00000285025	MIURF	protein_coding	39504231	39504443	+	213
ENSG00000128272	ATF4	protein_coding	39519695	39522690	+	2996
ENSG00000187051	RPS19BP1	protein_coding	39529088	39532767	-	3680
ENSG00000303612	ENSG00000303612	lncRNA	39556791	39557610	-	820
ENSG00000100346	CACNA1I	protein_coding	39570753	39689735	+	118983
ENSG00000301075	ENSG00000301075	lncRNA	39722348	39723942	-	1595
ENSG00000176177	ENTHD1	protein_coding	39743044	39893864	-	150821
ENSG00000235647	MTFR2P2	processed_pseudogene	39750127	39751293	+	1167
ENSG00000238875	RN7SKP210	misc_RNA	39874255	39874515	-	261
ENSG00000226085	UQCRFS1P1	processed_pseudogene	39875289	39876108	+	820
ENSG00000296191	ENSG00000296191	lncRNA	39893820	39894167	+	348
ENSG00000100351	GRAP2	protein_coding	39901084	39973721	+	72638
ENSG00000225528	TMA7B	protein_coding	39960397	39964905	+	4509
ENSG00000133477	FAM83F	protein_coding	39994954	40043534	+	48581
ENSG00000261202	TNRC6B-DT	lncRNA	40042688	40044586	-	1899
ENSG00000309925	ENSG00000309925	lncRNA	40044319	40044512	+	194
ENSG00000100354	TNRC6B	protein_coding	40044817	40335808	+	290992
ENSG00000228599	RPL7P52	processed_pseudogene	40106325	40107066	-	742
ENSG00000309895	ENSG00000309895	lncRNA	40260158	40276693	-	16536
ENSG00000239900	ADSL	protein_coding	40346461	40390463	+	44003
ENSG00000284431	ENSG00000284431	protein_coding	40346529	40410054	+	63526
ENSG00000100359	SGSM3	protein_coding	40370564	40410289	+	39726
ENSG00000229999	SGSM3-AS1	lncRNA	40372664	40388290	-	15627
ENSG00000196588	MRTFA	protein_coding	40410281	40636719	-	226439
ENSG00000272834	ENSG00000272834	lncRNA	40415003	40415445	+	443
ENSG00000227413	ENSG00000227413	processed_pseudogene	40433136	40433641	+	506
ENSG00000232564	MRTFA-AS1	lncRNA	40521800	40527933	+	6134
ENSG00000172912	COX6B1P3	processed_pseudogene	40569286	40569895	+	610
ENSG00000230071	RPL4P6	processed_pseudogene	40586700	40588003	-	1304
ENSG00000301306	ENSG00000301306	lncRNA	40636981	40637745	+	765
ENSG00000303151	ENSG00000303151	lncRNA	40651357	40652146	-	790
ENSG00000303129	ENSG00000303129	lncRNA	40651833	40654777	+	2945
ENSG00000289292	ENSG00000289292	lncRNA	40660779	40684947	-	24169
ENSG00000231907	GAPDHP37	transcribed_processed_pseudogene	40673484	40674451	-	968
ENSG00000128285	MCHR1	protein_coding	40679273	40682812	+	3540
ENSG00000309667	ENSG00000309667	lncRNA	40685013	40708309	+	23297
ENSG00000302971	ENSG00000302971	lncRNA	40721457	40741265	+	19809
ENSG00000100372	SLC25A17	protein_coding	40769630	40819401	-	49772
ENSG00000230769	RFKP4	processed_pseudogene	40788777	40789267	-	491
ENSG00000233603	JTBP1	processed_pseudogene	40798039	40798285	+	247
ENSG00000266594	MIR4766	miRNA	40813883	40813958	-	76
ENSG00000100380	ST13	protein_coding	40824535	40856690	-	32156
ENSG00000305592	ENSG00000305592	lncRNA	40856128	40856618	+	491
ENSG00000196236	XPNPEP3	protein_coding	40857077	40932815	+	75739
ENSG00000172404	DNAJB7	protein_coding	40859549	40862113	-	2565
ENSG00000273979	Metazoa_SRP	misc_RNA	40917111	40917381	+	271
ENSG00000200683	RNU6-379P	snRNA	40917743	40917846	+	104
ENSG00000100387	RBX1	protein_coding	40951277	40973539	+	22263
ENSG00000304944	ENSG00000304944	lncRNA	40977056	41021958	-	44903
ENSG00000222698	Y_RNA	misc_RNA	41045497	41045591	+	95
ENSG00000237214	RPS9P2	processed_pseudogene	41064052	41064633	+	582
ENSG00000199515	Y_RNA	misc_RNA	41065554	41065646	-	93
ENSG00000213857	ACTBP15	processed_pseudogene	41074180	41075239	-	1060
ENSG00000296654	ENSG00000296654	lncRNA	41087019	41092847	-	5829
ENSG00000100393	EP300	protein_coding	41091816	41180077	+	88262
ENSG00000284015	MIR1281	miRNA	41092513	41092566	+	54
ENSG00000231993	EP300-AS1	lncRNA	41141367	41197520	-	56154
ENSG00000252859	RNU6-375P	snRNA	41168217	41168316	+	100
ENSG00000215771	LRRC37A14P	transcribed_processed_pseudogene	41189727	41190188	-	462
ENSG00000100395	L3MBTL2	protein_coding	41205282	41231273	+	25992
ENSG00000235513	L3MBTL2-AS1	lncRNA	41207592	41228500	-	20909
ENSG00000100399	CHADL	protein_coding	41229510	41240931	-	11422
ENSG00000100401	RANGAP1	protein_coding	41244779	41286272	-	41494
ENSG00000274552	MIR6889	miRNA	41252992	41253050	-	59
ENSG00000304876	ENSG00000304876	lncRNA	41286428	41287373	+	946
ENSG00000100403	ZC3H7B	protein_coding	41301457	41360155	+	58699
ENSG00000298609	ENSG00000298609	lncRNA	41366135	41381281	-	15147
ENSG00000167074	TEF	protein_coding	41367333	41399326	+	31994
ENSG00000199865	RNU6-495P	snRNA	41377177	41377283	-	107
ENSG00000301754	ENSG00000301754	lncRNA	41414042	41423304	+	9263
ENSG00000273424	ENSG00000273424	lncRNA	41430934	41431375	+	442
ENSG00000183864	TOB2	protein_coding	41433489	41446801	-	13313
ENSG00000289841	ENSG00000289841	lncRNA	41446935	41447749	+	815
ENSG00000100412	ACO2	protein_coding	41447830	41529273	+	81444
ENSG00000301767	ENSG00000301767	lncRNA	41447871	41448570	-	700
ENSG00000100410	PHF5A	protein_coding	41459705	41468711	-	9007
ENSG00000100413	POLR3H	protein_coding	41525799	41544606	-	18808
ENSG00000286491	ENSG00000286491	lncRNA	41551699	41561009	-	9311
ENSG00000297861	ENSG00000297861	lncRNA	41555849	41556510	+	662
ENSG00000172346	CSDC2	protein_coding	41560858	41577741	+	16884
ENSG00000100417	PMM1	protein_coding	41576896	41595275	-	18380
ENSG00000100418	DESI1	protein_coding	41598028	41621081	-	23054
ENSG00000196419	XRCC6	protein_coding	41620786	41664087	+	43302
ENSG00000200332	Y_RNA	misc_RNA	41648089	41648190	-	102
ENSG00000100138	SNU13	protein_coding	41673933	41690504	-	16572
ENSG00000285531	ENSG00000285531	processed_pseudogene	41676745	41677125	-	381
ENSG00000207457	RNU6-476P	snRNA	41679711	41679817	+	107
ENSG00000293428	C22orf46P	lncRNA	41688877	41698136	+	9260
ENSG00000184208	C22orf46P	transcribed_unitary_pseudogene	41690628	41698136	+	7509
ENSG00000167077	MEI1	protein_coding	41699503	41799456	+	99954
ENSG00000231261	HMGN2P10	processed_pseudogene	41709225	41709489	-	265
ENSG00000252603	RNU6ATAC22P	snRNA	41722043	41722131	-	89
ENSG00000206813	Y_RNA	misc_RNA	41747312	41747413	+	102
ENSG00000100147	CCDC134	protein_coding	41800321	41832172	+	31852
ENSG00000184068	SREBF2-AS1	lncRNA	41831215	41834665	-	3451
ENSG00000198911	SREBF2	protein_coding	41833099	41907308	+	74210
ENSG00000207932	MIR33A	miRNA	41900944	41901012	+	69
ENSG00000234965	SHISA8	protein_coding	41909543	41915074	-	5532
ENSG00000304470	ENSG00000304470	lncRNA	41913490	41916104	+	2615
ENSG00000159958	TNFRSF13C	protein_coding	41922032	41926806	-	4775
ENSG00000283829	MIR378I	miRNA	41923222	41923297	-	76
ENSG00000100162	CENPM	protein_coding	41927514	41947183	-	19670
ENSG00000205704	SMIM45	protein_coding	41947178	41958942	+	11765
ENSG00000100167	SEPTIN3	protein_coding	41969443	41998221	+	28779
ENSG00000224883	ENSG00000224883	lncRNA	41981304	41982217	-	914
ENSG00000301540	ENSG00000301540	lncRNA	41989161	41998684	-	9524
ENSG00000183066	WBP2NL	protein_coding	41998725	42058456	+	59732
ENSG00000293202	ENSG00000293202	lncRNA	42000201	42001991	-	1791
ENSG00000215347	SLC25A5P1	transcribed_processed_pseudogene	42001069	42001966	-	898
ENSG00000198951	NAGA	protein_coding	42058334	42071198	-	12865
ENSG00000286659	ENSG00000286659	lncRNA	42070949	42071488	+	540
ENSG00000177096	PHETA2	protein_coding	42073789	42079439	+	5651
ENSG00000238498	SNORD13P1	snoRNA	42076058	42076161	-	104
ENSG00000309045	ENSG00000309045	lncRNA	42079070	42079950	-	881
ENSG00000183172	SMDT1	protein_coding	42079564	42088243	+	8680
ENSG00000184983	NDUFA6	protein_coding	42085526	42090884	-	5359
ENSG00000270083	ENSG00000270083	lncRNA	42089630	42090028	-	399
ENSG00000237037	NDUFA6-DT	lncRNA	42090931	42137742	+	46812
ENSG00000213790	OLA1P1	processed_pseudogene	42107765	42108953	-	1189
ENSG00000100197	CYP2D6	protein_coding	42125962	42131236	-	5275
ENSG00000227370	ENSG00000227370	transcribed_processed_pseudogene	42132543	42132998	+	456
ENSG00000232710	ENSG00000232710	lncRNA	42136433	42139927	-	3495
ENSG00000281538	ENSG00000281538	lncRNA	42138060	42139726	+	1667
ENSG00000205702	CYP2D7	protein_coding	42140203	42149500	-	9298
ENSG00000303069	ENSG00000303069	lncRNA	42149832	42152501	-	2670
ENSG00000226450	CYP2D8P	transcribed_unprocessed_pseudogene	42149886	42155001	-	5116
ENSG00000100207	TCF20	protein_coding	42160013	42343616	-	183604
ENSG00000288719	ENSG00000288719	lncRNA	42183827	42207600	-	23774
ENSG00000182057	OGFRP1	lncRNA	42269703	42279534	+	9832
ENSG00000229891	LINC01315	lncRNA	42363671	42369300	-	5630
ENSG00000235568	NFAM1	protein_coding	42380407	42432403	-	51997
ENSG00000299904	ENSG00000299904	lncRNA	42436875	42437984	-	1110
ENSG00000230107	ENSG00000230107	lncRNA	42437710	42450848	+	13139
ENSG00000293485	SERHL	lncRNA	42500254	42512564	+	12311
ENSG00000172250	SERHL	transcribed_unitary_pseudogene	42500671	42512237	+	11567
ENSG00000295474	ENSG00000295474	lncRNA	42502024	42503347	-	1324
ENSG00000189306	RRP7A	protein_coding	42507982	42519853	-	11872
ENSG00000295412	ENSG00000295412	lncRNA	42519303	42530333	+	11031
ENSG00000183569	SERHL2	protein_coding	42553617	42574387	+	20771
ENSG00000291035	RRP7BP	lncRNA	42555212	42582039	-	26828
ENSG00000202058	RN7SKP80	misc_RNA	42565048	42565330	-	283
ENSG00000251913	RNU6-513P	snRNA	42569147	42569250	-	104
ENSG00000182841	RRP7BP	transcribed_unprocessed_pseudogene	42574733	42582001	-	7269
ENSG00000295452	ENSG00000295452	lncRNA	42581083	42584588	+	3506
ENSG00000100227	POLDIP3	protein_coding	42583717	42614962	-	31246
ENSG00000289517	ENSG00000289517	protein_coding	42583836	42627688	-	43853
ENSG00000295434	ENSG00000295434	lncRNA	42608732	42612662	-	3931
ENSG00000270022	ENSG00000270022	lncRNA	42614636	42626375	+	11740
ENSG00000276027	RNU12	snRNA	42615244	42615393	+	150
ENSG00000100243	CYB5R3	protein_coding	42615730	42720870	-	105141
ENSG00000249222	ATP5MGL	protein_coding	42639803	42640601	-	799
ENSG00000128274	A4GALT	protein_coding	42691010	42721298	-	30289
ENSG00000303951	ENSG00000303951	lncRNA	42742802	42744787	-	1986
ENSG00000200448	Y_RNA	misc_RNA	42762860	42762959	-	100
ENSG00000234009	RPL5P34	processed_pseudogene	42776406	42777296	-	891
ENSG00000229608	GOLGA2P4	transcribed_unprocessed_pseudogene	42784462	42787100	+	2639
ENSG00000307819	ENSG00000307819	lncRNA	42785230	42795688	+	10459
ENSG00000307847	ENSG00000307847	lncRNA	42787588	42791148	-	3561
ENSG00000274717	ADAMTS7P5	processed_pseudogene	42791814	42794313	-	2500
ENSG00000242247	ARFGAP3	protein_coding	42796502	42858106	-	61605
ENSG00000100266	PACSIN2	protein_coding	42835412	43015185	-	179774
ENSG00000226989	COA1P1	processed_pseudogene	42853403	42853799	-	397
ENSG00000307798	ENSG00000307798	lncRNA	42857027	42872515	+	15489
ENSG00000230319	TTLL1-AS1	lncRNA	43015375	43058506	+	43132
ENSG00000100271	TTLL1	protein_coding	43039516	43089427	-	49912
ENSG00000234735	RPS25P10	processed_pseudogene	43092167	43092524	+	358
ENSG00000100290	BIK	protein_coding	43110748	43129712	+	18965
ENSG00000100294	MCAT	protein_coding	43132209	43143398	-	11190
ENSG00000100300	TSPO	protein_coding	43151077	43163246	+	12170
ENSG00000100304	TTLL12	protein_coding	43166622	43187134	-	20513
ENSG00000159307	SCUBE1	protein_coding	43197280	43343375	-	146096
ENSG00000236272	SCUBE1-AS2	lncRNA	43212674	43213661	+	988
ENSG00000234892	ENSG00000234892	lncRNA	43232141	43239010	+	6870
ENSG00000203527	SCUBE1-AS1	lncRNA	43275955	43283830	+	7876
ENSG00000299223	ENSG00000299223	lncRNA	43373103	43393260	-	20158
ENSG00000236117	LINC01639	lncRNA	43399604	43409728	+	10125
ENSG00000186732	MPPED1	protein_coding	43411196	43507850	+	96655
ENSG00000286801	ENSG00000286801	lncRNA	43507824	43513727	-	5904
ENSG00000223843	EFCAB6-AS1	lncRNA	43516107	43560063	+	43957
ENSG00000186976	EFCAB6	protein_coding	43528744	43812337	-	283594
ENSG00000233157	ENSG00000233157	processed_pseudogene	43759199	43759910	-	712
ENSG00000299489	ENSG00000299489	lncRNA	43776660	43782143	+	5484
ENSG00000180150	HMGN2P9	processed_pseudogene	43802544	43802772	+	229
ENSG00000261251	EFCAB6-DT	lncRNA	43811869	43817906	+	6038
ENSG00000299503	ENSG00000299503	lncRNA	43820705	43825944	+	5240
ENSG00000130540	SULT4A1	protein_coding	43824509	43862513	-	38005
ENSG00000299520	ENSG00000299520	lncRNA	43842564	43843281	+	718
ENSG00000100341	PNPLA5	protein_coding	43878568	43892494	-	13927
ENSG00000304926	ENSG00000304926	lncRNA	43922897	43924624	-	1728
ENSG00000100344	PNPLA3	protein_coding	43923781	43964488	+	40708
ENSG00000100347	SAMM50	protein_coding	43955399	44010531	+	55133
ENSG00000224856	RPL35AP36	processed_pseudogene	43957027	43957348	+	322
ENSG00000188677	PARVB	protein_coding	43999211	44172939	+	173729
ENSG00000279175	ENSG00000279175	lncRNA	44102779	44116232	+	13454
ENSG00000280434	ENSG00000280434	lncRNA	44139365	44153626	+	14262
ENSG00000138964	PARVG	protein_coding	44172956	44219533	+	46578
ENSG00000298339	ENSG00000298339	lncRNA	44181200	44182704	-	1505
ENSG00000279933	ENSG00000279933	TEC	44183031	44187739	-	4709
ENSG00000280011	ENSG00000280011	lncRNA	44210442	44229512	-	19071
ENSG00000138944	SHISAL1	protein_coding	44243665	44312951	-	69287
ENSG00000298486	ENSG00000298486	lncRNA	44312936	44315159	+	2224
ENSG00000296820	ENSG00000296820	lncRNA	44337460	44340286	+	2827
ENSG00000296842	ENSG00000296842	lncRNA	44352888	44354626	+	1739
ENSG00000220702	ENSG00000220702	lncRNA	44365551	44366284	+	734
ENSG00000301322	ENSG00000301322	lncRNA	44368978	44411721	-	42744
ENSG00000236079	SKP1P4	processed_pseudogene	44413485	44414814	-	1330
ENSG00000232655	LINC01656	lncRNA	44443290	44444793	+	1504
ENSG00000228807	MRPS18CP6	processed_pseudogene	44483495	44483717	-	223
ENSG00000279642	ENSG00000279642	TEC	44486295	44486914	-	620
ENSG00000188636	RTL6	protein_coding	44492583	44498233	-	5651
ENSG00000215333	KRT18P23	processed_pseudogene	44566965	44568247	+	1283
ENSG00000187012	LINC00207	lncRNA	44569285	44572468	+	3184
ENSG00000234300	LINC00229	lncRNA	44606289	44625431	-	19143
ENSG00000308520	ENSG00000308520	lncRNA	44624072	44624796	+	725
ENSG00000231801	ANP32BP2	processed_pseudogene	44651835	44652379	+	545
ENSG00000297748	ENSG00000297748	lncRNA	44660880	44668470	-	7591
ENSG00000186654	PRR5	protein_coding	44668547	44737681	+	69135
ENSG00000306608	ENSG00000306608	lncRNA	44675743	44676971	-	1229
ENSG00000248405	PRR5-ARHGAP8	protein_coding	44702233	44862706	+	160474
ENSG00000309628	ENSG00000309628	lncRNA	44706260	44710768	-	4509
ENSG00000241484	ARHGAP8	protein_coding	44752547	44862788	+	110242
ENSG00000056487	PHF21B	protein_coding	44881162	45010022	-	128861
ENSG00000293370	ENSG00000293370	lncRNA	44901547	44902471	+	925
ENSG00000223730	RPL6P28	transcribed_processed_pseudogene	44901592	44902430	+	839
ENSG00000230922	ENSG00000230922	lncRNA	45000565	45003619	-	3055
ENSG00000308760	ENSG00000308760	lncRNA	45024161	45074205	-	50045
ENSG00000308781	ENSG00000308781	lncRNA	45072522	45091185	+	18664
ENSG00000226328	NUP50-DT	lncRNA	45133020	45163862	-	30843
ENSG00000273243	ENSG00000273243	lncRNA	45155539	45156011	-	473
ENSG00000093000	NUP50	protein_coding	45163925	45188017	+	24093
ENSG00000273353	ENSG00000273353	lncRNA	45178990	45179310	+	321
ENSG00000100364	KIAA0930	protein_coding	45192244	45240944	-	48701
ENSG00000221598	MIR1249	miRNA	45200954	45201019	-	66
ENSG00000293744	ENSG00000293744	lncRNA	45246605	45246945	+	341
ENSG00000273287	ENSG00000273287	lncRNA	45254431	45269169	-	14739
ENSG00000298378	ENSG00000298378	lncRNA	45268313	45269063	+	751
ENSG00000301739	ENSG00000301739	lncRNA	45273650	45284828	-	11179
ENSG00000213752	ENSG00000213752	processed_pseudogene	45275599	45276085	+	487
ENSG00000100373	UPK3A	protein_coding	45284924	45295874	+	10951
ENSG00000100376	FAM118A	protein_coding	45308968	45342824	+	33857
ENSG00000077935	SMC1B	protein_coding	45344063	45413619	-	69557
ENSG00000128408	RIBC2	protein_coding	45413693	45432509	+	18817
ENSG00000232363	ENSG00000232363	lncRNA	45435692	45448743	-	13052
ENSG00000077942	FBLN1	protein_coding	45502238	45601981	+	99744
ENSG00000238120	LINC01589	lncRNA	45604413	45639173	-	34761
ENSG00000251985	RNU6-1161P	snRNA	45624531	45624632	-	102
ENSG00000307862	ENSG00000307862	lncRNA	45639639	45656759	+	17121
ENSG00000280383	ENSG00000280383	lncRNA	45657019	45680130	+	23112
ENSG00000130638	ATXN10	protein_coding	45671798	45845307	+	173510
ENSG00000264160	MIR4762	miRNA	45760524	45760598	+	75
ENSG00000235347	TRNT1P2	processed_pseudogene	45792418	45793636	-	1219
ENSG00000294602	ENSG00000294602	lncRNA	45864600	45865179	+	580
ENSG00000279954	ENSG00000279954	lncRNA	45875932	45894416	+	18485
ENSG00000235091	ENSG00000235091	lncRNA	45875967	45891465	-	15499
ENSG00000297345	ENSG00000297345	lncRNA	45909555	45911792	-	2238
ENSG00000188064	WNT7B	protein_coding	45920366	45977162	-	56797
ENSG00000280424	ENSG00000280424	TEC	46006616	46010777	+	4162
ENSG00000293884	ENSG00000293884	lncRNA	46010951	46014320	-	3370
ENSG00000273145	ENSG00000273145	lncRNA	46013240	46015503	+	2264
ENSG00000300548	ENSG00000300548	lncRNA	46020769	46028081	-	7313
ENSG00000303445	ENSG00000303445	lncRNA	46036104	46041098	+	4995
ENSG00000231711	LINC00899	lncRNA	46039907	46048412	-	8506
ENSG00000197182	MIRLET7BHG	lncRNA	46044913	46116382	+	71470
ENSG00000182257	PRR34	lncRNA	46049478	46054144	-	4667
ENSG00000231010	ENSG00000231010	lncRNA	46055740	46058160	-	2421
ENSG00000303537	ENSG00000303537	lncRNA	46062901	46063814	+	914
ENSG00000235159	LINC02939	lncRNA	46067061	46071539	-	4479
ENSG00000289044	ENSG00000289044	lncRNA	46069752	46070807	+	1056
ENSG00000303516	ENSG00000303516	lncRNA	46080557	46081995	-	1439
ENSG00000303492	ENSG00000303492	lncRNA	46083504	46085878	-	2375
ENSG00000266533	MIR3619	miRNA	46091044	46091126	+	83
ENSG00000283990	MIRLET7A3	miRNA	46112749	46112822	+	74
ENSG00000284175	MIR4763	miRNA	46113566	46113657	+	92
ENSG00000284520	MIRLET7B	miRNA	46113686	46113768	+	83
ENSG00000310052	ENSG00000310052	lncRNA	46129589	46144031	+	14443
ENSG00000310037	ENSG00000310037	lncRNA	46134666	46151394	-	16729
ENSG00000186951	PPARA	protein_coding	46149924	46243755	+	93832
ENSG00000310070	ENSG00000310070	lncRNA	46161037	46172233	-	11197
ENSG00000280384	ENSG00000280384	lncRNA	46163303	46165347	+	2045
ENSG00000205643	CDPF1	protein_coding	46244011	46250311	-	6301
ENSG00000310243	ENSG00000310243	lncRNA	46245907	46255719	+	9813
ENSG00000289858	ENSG00000289858	lncRNA	46250385	46252188	+	1804
ENSG00000130943	PKDREJ	protein_coding	46255663	46263343	-	7681
ENSG00000075234	TTC38	protein_coding	46267961	46295097	+	27137
ENSG00000277232	GTSE1-DT	lncRNA	46295143	46296660	-	1518
ENSG00000075218	GTSE1	protein_coding	46296870	46330810	+	33941
ENSG00000100416	TRMU	protein_coding	46330875	46357344	+	26470
ENSG00000075275	CELSR1	protein_coding	46360834	46537620	-	176787
ENSG00000297903	ENSG00000297903	lncRNA	46376983	46384775	+	7793
ENSG00000230634	FAM136EP	processed_pseudogene	46481329	46481760	-	432
ENSG00000234869	LINC02925	lncRNA	46537892	46557010	+	19119
ENSG00000306064	ENSG00000306064	lncRNA	46540752	46561662	-	20911
ENSG00000075240	GRAMD4	protein_coding	46575644	46679790	+	104147
ENSG00000299567	ENSG00000299567	lncRNA	46590530	46592888	+	2359
ENSG00000100422	CERK	protein_coding	46684410	46738267	-	53858
ENSG00000300169	ENSG00000300169	lncRNA	46746105	46749412	-	3308
ENSG00000260708	TBC1D22A-DT	lncRNA	46761879	46762613	-	735
ENSG00000054611	TBC1D22A	protein_coding	46762617	47175699	+	413083
ENSG00000280080	TBC1D22A-AS1	lncRNA	46914092	46916042	-	1951
ENSG00000278881	ENSG00000278881	TEC	47115838	47117215	-	1378
ENSG00000302054	ENSG00000302054	lncRNA	47128918	47130046	-	1129
ENSG00000296742	ENSG00000296742	lncRNA	47230627	47231962	-	1336
ENSG00000280312	ENSG00000280312	TEC	47259366	47261007	+	1642
ENSG00000224715	ENSG00000224715	lncRNA	47329227	47373541	+	44315
ENSG00000303026	ENSG00000303026	lncRNA	47372961	47373702	-	742
ENSG00000218357	LINC01644	lncRNA	47402297	47488149	-	85853
ENSG00000205634	LINC00898	lncRNA	47612231	47631569	-	19339
ENSG00000224271	EPIC1	lncRNA	47630827	48023004	+	392178
ENSG00000305190	ENSG00000305190	lncRNA	47632599	47633595	-	997
ENSG00000232897	ENSG00000232897	processed_pseudogene	47662559	47663603	-	1045
ENSG00000305206	ENSG00000305206	lncRNA	47897165	47897564	-	400
ENSG00000279712	ENSG00000279712	lncRNA	47916728	47926264	+	9537
ENSG00000235154	ENSG00000235154	lncRNA	48044710	48048549	-	3840
ENSG00000278890	ENSG00000278890	lncRNA	48052646	48058275	+	5630
ENSG00000238192	ENSG00000238192	lncRNA	48139458	48141253	-	1796
ENSG00000229275	ENSG00000229275	lncRNA	48141404	48143279	+	1876
ENSG00000306452	ENSG00000306452	lncRNA	48167171	48210333	-	43163
ENSG00000285707	ENSG00000285707	lncRNA	48254903	48259116	-	4214
ENSG00000266508	MIR3201	miRNA	48274364	48274415	+	52
ENSG00000305333	ENSG00000305333	lncRNA	48278174	48279679	-	1506
ENSG00000288540	ENSG00000288540	lncRNA	48320412	48333199	-	12788
ENSG00000304445	ENSG00000304445	lncRNA	48320639	48321540	+	902
ENSG00000299267	ENSG00000299267	lncRNA	48340001	48340773	+	773
ENSG00000306130	ENSG00000306130	lncRNA	48341555	48342700	+	1146
ENSG00000306112	ENSG00000306112	lncRNA	48341567	48343977	-	2411
ENSG00000296627	ENSG00000296627	lncRNA	48345336	48350754	-	5419
ENSG00000285855	ENSG00000285855	lncRNA	48403462	48415571	+	12110
ENSG00000233179	ENSG00000233179	lncRNA	48448890	48468515	+	19626
ENSG00000287225	ENSG00000287225	lncRNA	48474135	48489324	-	15190
ENSG00000297505	ENSG00000297505	lncRNA	48488060	48489058	+	999
ENSG00000219438	TAFA5	protein_coding	48489431	48850912	+	361482
ENSG00000281732	ENSG00000281732	lncRNA	48538900	48547409	-	8510
ENSG00000294606	ENSG00000294606	lncRNA	48584381	48584636	+	256
ENSG00000266887	MIR4535	miRNA	48780295	48780353	+	59
ENSG00000205632	LINC01310	lncRNA	48866770	48898386	+	31617
ENSG00000299733	ENSG00000299733	lncRNA	48958442	48974823	-	16382
ENSG00000307761	ENSG00000307761	lncRNA	49036843	49045976	+	9134
ENSG00000286381	NHIP	lncRNA	49043919	49052549	-	8631
ENSG00000296052	ENSG00000296052	lncRNA	49147460	49156815	-	9356
ENSG00000285623	ENSG00000285623	lncRNA	49166421	49188062	-	21642
ENSG00000226142	RPL35P8	processed_pseudogene	49213911	49214247	-	337
ENSG00000280199	ENSG00000280199	lncRNA	49264201	49266080	+	1880
ENSG00000300754	ENSG00000300754	lncRNA	49284867	49304842	-	19976
ENSG00000300226	ENSG00000300226	lncRNA	49352495	49354431	+	1937
ENSG00000304424	ENSG00000304424	lncRNA	49359024	49364008	-	4985
ENSG00000285722	ENSG00000285722	lncRNA	49369372	49377131	+	7760
ENSG00000188511	MIR3667HG	lncRNA	49414523	49658432	-	243910
ENSG00000303177	ENSG00000303177	lncRNA	49460831	49462753	+	1923
ENSG00000298026	ENSG00000298026	lncRNA	49497483	49524386	+	26904
ENSG00000280224	ENSG00000280224	lncRNA	49500568	49501585	+	1018
ENSG00000298068	ENSG00000298068	lncRNA	49526111	49530415	+	4305
ENSG00000279597	ENSG00000279597	lncRNA	49534062	49534926	+	865
ENSG00000298045	ENSG00000298045	lncRNA	49536556	49541598	-	5043
ENSG00000264139	MIR3667	miRNA	49543393	49543466	-	74
ENSG00000212939	ENSG00000212939	lncRNA	49548681	49556473	+	7793
ENSG00000213279	ENSG00000213279	lncRNA	49572264	49575427	-	3164
ENSG00000298130	ENSG00000298130	lncRNA	49575623	49576120	+	498
ENSG00000298102	ENSG00000298102	lncRNA	49614897	49616165	+	1269
ENSG00000288834	ENSG00000288834	lncRNA	49630265	49631394	+	1130
ENSG00000298965	ENSG00000298965	lncRNA	49660056	49662007	+	1952
ENSG00000286393	ENSG00000286393	lncRNA	49662312	49664968	-	2657
ENSG00000307928	ENSG00000307928	lncRNA	49668698	49669409	-	712
ENSG00000226954	ENSG00000226954	lncRNA	49718053	49724506	-	6454
ENSG00000223142	RN7SKP252	misc_RNA	49738677	49739003	+	327
ENSG00000214727	RPL5P35	unprocessed_pseudogene	49757627	49758980	-	1354
ENSG00000100425	BRD1	protein_coding	49773278	49827944	-	54667
ENSG00000279345	ENSG00000279345	lncRNA	49805452	49807208	+	1757
ENSG00000236867	ENSG00000236867	processed_pseudogene	49817248	49817712	+	465
ENSG00000260613	ENSG00000260613	lncRNA	49832449	49838901	-	6453
ENSG00000309455	ENSG00000309455	lncRNA	49845260	49848697	-	3438
ENSG00000229409	ENSG00000229409	processed_pseudogene	49845929	49846090	+	162
ENSG00000277771	Metazoa_SRP	misc_RNA	49846456	49846720	+	265
ENSG00000279494	ENSG00000279494	lncRNA	49851425	49853364	+	1940
ENSG00000100426	ZBED4	protein_coding	49853827	49897383	+	43557
ENSG00000182858	ALG12	protein_coding	49900229	49918458	-	18230
ENSG00000273192	ENSG00000273192	lncRNA	49902228	49904576	+	2349
ENSG00000184164	CRELD2	protein_coding	49917989	49927544	+	9556
ENSG00000278869	ENSG00000278869	lncRNA	49933184	49935331	-	2148
ENSG00000304008	ENSG00000304008	lncRNA	49934414	49935203	+	790
ENSG00000297074	ENSG00000297074	lncRNA	49947203	49949105	-	1903
ENSG00000301505	ENSG00000301505	lncRNA	49951368	49952531	+	1164
ENSG00000299581	ENSG00000299581	lncRNA	49952577	49955116	+	2540
ENSG00000198355	PIM3	protein_coding	49960463	49964075	+	3613
ENSG00000276753	MIR6821	miRNA	49962866	49962939	+	74
ENSG00000300623	ENSG00000300623	lncRNA	49971033	49971317	+	285
ENSG00000188263	IL17REL	protein_coding	49991811	50012765	-	20955
ENSG00000138892	TTLL8	protein_coding	50018575	50058298	-	39724
ENSG00000100427	MLC1	protein_coding	50059391	50085969	-	26579
ENSG00000073146	MOV10L1	protein_coding	50090006	50161690	+	71685
ENSG00000280395	ENSG00000280395	lncRNA	50092745	50096437	+	3693
ENSG00000073150	PANX2	protein_coding	50170731	50180295	+	9565
ENSG00000170638	TRABD	protein_coding	50184717	50199600	+	14884
ENSG00000273188	ENSG00000273188	lncRNA	50191724	50192402	-	679
ENSG00000273253	TRABD-AS1	lncRNA	50199049	50201596	-	2548
ENSG00000073169	SELENOO	protein_coding	50201011	50217616	+	16606
ENSG00000272836	ENSG00000272836	lncRNA	50205585	50206062	-	478
ENSG00000273137	SELENOO-AS1	lncRNA	50208461	50209542	-	1082
ENSG00000128159	TUBGCP6	protein_coding	50217688	50245028	-	27341
ENSG00000288871	ENSG00000288871	lncRNA	50244610	50247122	+	2513
ENSG00000100429	HDAC10	protein_coding	50245183	50251405	-	6223
ENSG00000188130	MAPK12	protein_coding	50245450	50261734	-	16285
ENSG00000185386	MAPK11	protein_coding	50263713	50270767	-	7055
ENSG00000294313	ENSG00000294313	lncRNA	50271905	50274135	+	2231
ENSG00000196576	PLXNB2	protein_coding	50274978	50307695	-	32718
ENSG00000205593	DENND6B	protein_coding	50309030	50327521	-	18492
ENSG00000227484	ENSG00000227484	lncRNA	50314631	50316008	+	1378
ENSG00000279182	ENSG00000279182	lncRNA	50316035	50317025	+	991
ENSG00000100239	PPP6R2	protein_coding	50343300	50445090	+	101791
ENSG00000100241	SBF1	protein_coding	50443219	50483923	-	40705
ENSG00000128165	ADM2	protein_coding	50481543	50486440	+	4898
ENSG00000100253	MIOX	protein_coding	50486784	50490648	+	3865
ENSG00000100258	LMF2	protein_coding	50502947	50507732	-	4786
ENSG00000025770	NCAPH2	protein_coding	50508213	50524780	+	16568
ENSG00000284194	SCO2	protein_coding	50523564	50526461	-	2898
ENSG00000272821	ENSG00000272821	lncRNA	50523926	50524780	+	855
ENSG00000025708	TYMP	protein_coding	50525752	50530326	-	4575
ENSG00000177989	CIMAP1B	protein_coding	50529710	50532520	-	2811
ENSG00000296451	ENSG00000296451	lncRNA	50531072	50539152	+	8081
ENSG00000296469	ENSG00000296469	lncRNA	50537708	50539664	-	1957
ENSG00000273272	ENSG00000273272	lncRNA	50541108	50543042	+	1935
ENSG00000289947	ENSG00000289947	lncRNA	50541491	50541847	-	357
ENSG00000272666	KLHDC7B-DT	lncRNA	50542299	50548994	-	6696
ENSG00000130487	KLHDC7B	protein_coding	50545899	50551023	+	5125
ENSG00000217442	SYCE3	protein_coding	50551112	50562919	-	11808
ENSG00000205560	CPT1B	protein_coding	50568856	50578681	-	9826
ENSG00000254413	CHKB-CPT1B	protein_coding	50568869	50582965	-	14097
ENSG00000100288	CHKB	protein_coding	50578959	50601455	-	22497
ENSG00000205559	CHKB-DT	lncRNA	50583026	50597599	+	14574
ENSG00000008735	MAPK8IP2	protein_coding	50600677	50613981	+	13305
ENSG00000100299	ARSA	protein_coding	50622754	50628177	-	5424
ENSG00000289244	ENSG00000289244	lncRNA	50628243	50636006	+	7764
ENSG00000308444	ENSG00000308444	lncRNA	50641978	50653123	+	11146
ENSG00000301328	ENSG00000301328	lncRNA	50664426	50674856	-	10431
ENSG00000212569	Y_RNA	misc_RNA	50669804	50669901	+	98
ENSG00000286508	ENSG00000286508	lncRNA	50672714	50674336	+	1623
ENSG00000251322	SHANK3	protein_coding	50674408	50733212	+	58805
ENSG00000206841	RNU6-409P	snRNA	50691260	50691363	-	104
ENSG00000225929	ENSG00000225929	lncRNA	50735813	50738173	-	2361
ENSG00000100312	ACR	protein_coding	50738196	50745339	+	7144
ENSG00000254499	ENSG00000254499	lncRNA	50740593	50743520	-	2928
ENSG00000213683	SNRPA1P2	processed_pseudogene	50754675	50755434	-	760
ENSG00000291064	ENSG00000291064	lncRNA	50756831	50801309	+	44479
ENSG00000079974	RABL2B	protein_coding	50767491	50783760	-	16270
ENSG00000307555	ENSG00000307555	lncRNA	50797082	50798991	-	1910
ENSG00000184319	RPL23AP82	transcribed_unprocessed_pseudogene	50798655	50799123	+	469
